Sleeper_Player_ID,Player,Position,Team,NFL Team,Age,Rookie_Year,Rookie,Sophomore,Rostered,Proj_1yr,Proj_3yr,Proj_5yr,Proj_Career,Tier,BreakoutProb,BreakoutFlag,Draft_Round,Overall_Pick,Expected_Proj_Career
13175,Kinkead Dent,QB,FA,JAX,24,0,1,0,0,0.0,0.0,0.0,0.0,Bench,31.729,False,,,
13221,Brett Gabbert,QB,FA,MIA,24,0,1,0,0,0.0,0.0,0.0,0.0,Bench,31.729,False,,,
8809,Aaron Shampklin,RB,FA,FA,25,2022,0,0,0,10.8,10.4,10.1,28.8,Bench,38.678,True,,,
9487,Parker Washington,WR,FA,JAX,23,2023,0,0,0,73.0,57.7,57.8,32.7,Bench,44.413,False,6.0,185.0,
6918,Salvon Ahmed,RB,FA,IND,26,2020,0,0,0,40.3,33.0,37.1,29.6,Bench,33.964,True,,,
6786,CeeDee Lamb,WR,nilmaven,DAL,26,2020,0,0,1,264.4,302.8,288.9,266.9,A,50.256,False,,,
5038,Michael Gallup,WR,FA,WAS,29,2018,0,0,0,71.5,76.1,90.1,30.6,Bench,52.594,False,,,
11584,Bucky Irving,RB,Haxen2000,TB,22,2024,0,1,1,232.0,232.9,233.6,207.1,B,41.564,False,4.0,125.0,
6783,Jerry Jeudy,WR,boxerschwartz,CLE,26,2020,0,0,1,228.3,199.2,186.4,193.6,B,50.256,False,,,
11616,Jacob Cowing,WR,FA,SF,24,2024,0,1,0,17.8,18.6,19.0,34.3,Bench,42.834,True,4.0,135.0,
5965,Miles Boykin,WR,FA,CHI,28,2019,0,0,0,14.0,11.4,19.6,26.3,Bench,60.344,True,,,
13064,Dorian Singer,WR,FA,JAX,22,0,1,0,0,0.0,0.0,0.0,0.0,Bench,50.085,False,,,
4992,Dante Pettis,WR,FA,NO,29,2018,0,0,0,32.4,39.1,36.4,30.6,Bench,52.594,False,,,
9504,Kayshon Boutte,WR,ShrynoRyno,NE,23,2023,0,0,1,94.6,59.4,59.6,32.7,Bench,44.413,False,6.0,187.0,
4038,John Ross,WR,FA,FA,29,2017,0,0,0,11.2,17.5,26.9,25.0,Bench,52.594,False,,,
12507,Omarion Hampton,RB,FA,LAC,22,0,1,0,0,102.9,103.6,104.1,104.3,Flex,41.564,False,1.0,22.0,103.6
11439,Jaleel McLaughlin,RB,ShrynoRyno,DEN,24,2023,0,0,1,104.3,110.2,112.3,109.7,Flex,37.144,True,,,
5122,Boston Scott,RB,FA,FA,30,2018,0,0,0,18.4,38.6,46.8,29.5,Bench,48.916,False,,,
11629,Devontez Walker,WR,FA,BAL,23,2024,0,1,0,15.6,15.9,16.0,32.7,Bench,44.413,False,4.0,113.0,
2320,Melvin Gordon,RB,FA,FA,32,2015,0,0,0,21.7,65.3,82.4,31.5,Bench,52.267,False,,,
12493,Oronde Gadsden,TE,FA,LAC,21,0,1,0,0,91.0,93.1,94.7,92.1,Flex,40.975,False,5.0,165.0,94.4
12699,LaJohntay Wester,WR,FA,BAL,23,0,1,0,0,111.4,111.7,111.7,111.6,Flex,44.413,False,6.0,203.0,110.5
7553,Kyle Pitts,TE,jrroblestn,ATL,24,2021,0,0,1,131.5,123.9,129.0,131.6,C,17.131,False,,,
11304,E.J. Jenkins,TE,FA,PHI,26,2023,0,0,0,13.5,13.9,14.2,26.3,Bench,20.453,True,,,
19,Joe Flacco,QB,FA,CLE,40,2008,0,0,0,114.3,103.6,91.8,37.6,Bench,37.213,False,,,
12967,Jacolby George,WR,FA,CAR,22,0,1,0,0,0.0,0.0,0.0,0.0,Bench,50.085,False,,,
4054,Mo Alie-Cox,TE,FA,IND,31,2017,0,0,0,30.4,37.6,43.0,25.0,Bench,27.811,False,,,
13108,Julian Fleming,WR,FA,GB,24,0,1,0,0,0.0,0.0,0.0,0.0,Bench,42.834,True,,,
3423,Robbie Chosen,WR,FA,FA,32,2016,0,0,0,10.9,20.0,39.1,24.0,Bench,73.352,False,,,
12848,Josh Kelly,WR,FA,DAL,23,0,1,0,0,0.0,0.0,0.0,0.0,Bench,44.413,False,,,
11157,Brycen Tremayne,WR,FA,CAR,25,2023,0,0,0,10.8,11.2,11.5,34.2,Bench,45.305,True,,,
6908,La'Mical Perine,RB,FA,FA,27,2020,0,0,0,18.5,22.4,22.8,26.3,Bench,42.505,True,,,
8116,Pierre Strong,RB,FA,CLE,26,2022,0,0,0,34.6,35.7,36.1,29.6,Bench,33.964,True,4.0,127.0,
7585,Davis Mills,QB,FA,HOU,26,2021,0,0,0,23.5,68.1,84.4,38.1,Bench,37.266,True,,,
2359,Ameer Abdullah,RB,FA,FA,32,2015,0,0,0,95.5,65.5,63.9,31.5,Bench,52.267,False,,,
5854,Drew Lock,QB,FA,SEA,28,2019,0,0,0,92.1,70.7,89.7,35.6,Bench,40.053,True,,,
7593,Trey Sermon,RB,FA,PIT,26,2021,0,0,0,48.3,32.0,32.1,29.6,Bench,33.964,True,,,
11579,Audric Estime,RB,jrroblestn,DEN,21,2024,0,1,1,48.0,46.6,45.4,31.0,Bench,52.734,False,5.0,147.0,
3294,Dak Prescott,QB,ShrynoRyno,DAL,31,2016,0,0,1,215.2,304.9,311.3,339.0,C,39.707,False,,,
421,Matthew Stafford,QB,nilmaven,LAR,37,2009,0,0,1,281.7,270.2,293.2,246.0,Flex,42.228,False,,,
11636,Johnny Wilson,WR,FA,PHI,24,2024,0,1,0,20.9,21.7,22.2,34.3,Bench,42.834,True,6.0,185.0,
8134,Khalil Shakir,WR,nilmaven,BUF,25,2022,0,0,1,144.3,106.2,108.2,34.2,Bench,45.305,True,5.0,148.0,
7828,Noah Gray,TE,jrroblestn,KC,26,2021,0,0,1,114.3,99.7,93.9,100.5,Flex,20.453,True,,,
11557,Joe Milton,QB,FA,DAL,25,2024,0,1,0,33.5,33.2,32.8,39.9,Bench,35.857,True,6.0,193.0,
5995,Justice Hill,RB,FA,BAL,27,2019,0,0,0,101.6,85.4,74.9,29.6,Bench,42.505,True,,,
12517,Colston Loveland,TE,FA,CHI,21,0,1,0,0,91.0,93.1,94.7,95.4,Flex,40.975,False,1.0,10.0,95.3
8138,James Cook,RB,ShrynoRyno,BUF,25,2022,0,0,1,236.7,203.6,203.3,162.1,C,38.678,False,2.0,63.0,
9231,Jaren Hall,QB,FA,FA,27,2023,0,0,0,17.3,16.9,16.4,36.6,Bench,36.679,True,5.0,164.0,
8119,Jahan Dotson,WR,FA,PHI,25,2022,0,0,0,41.0,78.1,79.6,34.2,Bench,45.305,True,1.0,16.0,
6075,Jesper Horsted,TE,FA,FA,28,2019,0,0,0,8.9,12.5,14.3,26.3,Bench,23.525,True,,,
7049,Jauan Jennings,WR,ShrynoRyno,SF,27,2020,0,0,1,165.2,108.4,105.5,33.5,Bench,53.362,True,,,
8136,Rachaad White,RB,nilmaven,TB,26,2022,0,0,1,189.6,195.8,195.5,161.5,C,33.964,False,3.0,91.0,
11610,Malik Washington,WR,sportzballz,MIA,24,2024,0,1,1,50.3,51.9,53.0,34.3,Bench,42.834,True,6.0,184.0,
4943,Sam Darnold,QB,sportzballz,SEA,28,2018,0,0,1,331.2,185.1,183.6,35.6,Bench,40.053,True,,,
10228,Charlie Jones,WR,FA,CIN,26,2023,0,0,0,10.0,15.3,15.6,33.9,Bench,50.256,True,4.0,131.0,
829,Andy Dalton,QB,FA,CAR,37,2011,0,0,0,71.8,83.5,91.2,35.0,Bench,42.228,False,,,
10222,Jayden Reed,WR,NevadaLou,GB,25,2023,0,0,1,207.9,214.0,214.0,230.9,B,45.305,False,2.0,50.0,
11311,Jason Brownlee,WR,FA,KC,26,2023,0,0,0,22.6,23.3,23.8,33.9,Bench,50.256,True,,,
12532,Ja'Corey Brooks,WR,FA,WAS,23,0,1,0,0,0.0,0.0,0.0,0.0,Bench,44.413,False,,,
11370,Chris Brooks,RB,FA,GB,25,2023,0,0,0,40.6,30.7,30.9,28.8,Bench,38.678,True,,,
7794,Chris Evans,RB,FA,FA,27,2021,0,0,0,9.7,20.4,20.7,26.3,Bench,42.505,True,,,
7606,Kadarius Toney,WR,FA,FA,26,2021,0,0,0,8.6,32.9,39.1,33.9,Bench,50.256,True,,,
6927,Quez Watkins,WR,FA,ARI,27,2020,0,0,0,36.3,63.4,59.8,33.5,Bench,53.362,True,,,
8111,Cade Otton,TE,Bakari2,TB,26,2022,0,0,1,134.4,124.3,126.6,100.5,Flex,20.453,True,4.0,106.0,
3269,Chris Moore,WR,FA,WAS,32,2016,0,0,0,9.8,17.2,26.4,24.0,Bench,73.352,False,,,
6970,Stephen Sullivan,TE,FA,CAR,28,2020,0,0,0,7.9,15.4,14.1,26.3,Bench,23.525,True,,,
12866,Jalin Conyers,TE,FA,MIA,23,0,1,0,0,0.0,0.0,0.0,0.0,Bench,17.697,False,,,
1034,Brandon Bolden,RB,FA,FA,35,2012,0,0,0,18.0,39.9,40.0,36.0,Bench,76.05,False,,,
11647,Kimani Vidal,RB,FA,LAC,23,2024,0,1,0,35.7,35.6,35.4,29.3,Bench,40.482,True,6.0,181.0,
7608,Khalil Herbert,RB,FA,IND,27,2021,0,0,0,31.3,66.8,68.1,29.6,Bench,42.505,True,,,
6402,Steven Sims,WR,FA,SEA,28,2019,0,0,0,9.1,14.3,16.7,26.3,Bench,60.344,True,,,
8484,Ko Kieft,TE,FA,TB,27,2022,0,0,0,7.8,13.4,13.7,26.2,Bench,21.036,True,6.0,218.0,
9488,Jaxon Smith-Njigba,WR,MLeitheiser,SEA,23,2023,0,0,1,229.6,198.3,198.1,171.8,C,44.413,False,1.0,20.0,
11571,Isaiah Davis,RB,FA,NYJ,23,2024,0,1,0,45.4,45.6,45.5,29.3,Bench,40.482,True,5.0,173.0,
7526,Jaylen Waddle,WR,jrroblestn,MIA,26,2021,0,0,1,164.4,192.6,197.5,193.6,B,50.256,False,,,
12820,Landon Parker,WR,FA,IND,25,0,1,0,0,0.0,0.0,0.0,0.0,Bench,45.305,True,,,
345,Brian Hoyer,QB,FA,FA,39,2009,0,0,0,16.8,14.3,15.5,25.9,Bench,43.172,False,,,
6820,Clyde Edwards-Helaire,RB,FA,NO,26,2020,0,0,0,16.1,46.0,61.6,29.6,Bench,33.964,True,,,
7713,Jaelon Darden,WR,FA,FA,26,2021,0,0,0,11.5,12.1,13.3,33.9,Bench,50.256,True,,,
2197,Brandin Cooks,WR,FA,NO,31,2014,0,0,0,87.1,123.0,139.3,127.4,Flex,70.867,False,,,
5870,Daniel Jones,QB,FA,IND,28,2019,0,0,0,202.6,212.2,223.4,242.3,Flex,40.053,True,,,
7064,Darrynton Evans,RB,FA,BUF,26,2020,0,0,0,9.0,18.0,17.4,29.6,Bench,33.964,True,,,
5844,T.J. Hockenson,TE,boxerschwartz,MIN,27,2019,0,0,1,99.4,150.4,150.3,134.8,C,21.036,False,,,
12529,TreVeyon Henderson,RB,FA,NE,22,0,1,0,0,102.9,103.6,104.1,103.9,Flex,41.564,False,2.0,38.0,103.6
4127,C.J. Beathard,QB,FA,FA,31,2017,0,0,0,29.1,15.8,25.1,24.7,Bench,39.707,False,,,
7601,Rondale Moore,WR,FA,MIN,25,2021,0,0,0,87.4,86.4,88.1,34.2,Bench,45.305,True,,,
12535,Isaac TeSlaa,WR,FA,DET,23,0,1,0,0,111.4,111.7,111.7,111.7,Flex,44.413,False,3.0,70.0,107.8
6790,D'Andre Swift,RB,sportzballz,CHI,26,2020,0,0,1,200.0,192.6,191.7,161.5,C,33.964,False,,,
1373,Geno Smith,QB,FA,LV,34,2013,0,0,0,355.8,352.0,306.1,344.8,C,48.485,False,,,
12491,Corey Kiner,RB,FA,SF,23,0,1,0,0,0.0,0.0,0.0,0.0,Bench,40.482,True,,,
6768,Tua Tagovailoa,QB,jrroblestn,MIA,27,2020,0,0,1,278.8,320.1,305.9,332.3,C,36.679,False,,,
6130,Devin Singletary,RB,FA,NYG,27,2019,0,0,0,112.6,147.9,156.6,140.1,Flex,42.505,True,,,
6904,Jalen Hurts,QB,sportzballz,PHI,26,2020,0,0,1,411.3,439.3,417.0,463.1,A,37.266,False,,,
7538,Zach Wilson,QB,FA,MIA,25,2021,0,0,0,137.8,139.3,140.8,39.9,Bench,35.857,True,,,
7561,Elijah Mitchell,RB,FA,KC,27,2021,0,0,0,43.1,62.8,63.9,29.6,Bench,42.505,True,,,
12898,Seth Henigan,QB,FA,JAX,22,0,1,0,0,0.0,0.0,0.0,0.0,Bench,37.123,False,,,
12950,Robert Lewis,WR,FA,MIN,23,0,1,0,0,0.0,0.0,0.0,0.0,Bench,44.413,False,,,
11635,Ladd McConkey,WR,jrroblestn,LAC,23,2024,0,1,1,238.3,238.5,238.6,232.1,B,44.413,False,2.0,34.0,
12475,Ricky White,WR,FA,SEA,23,0,1,0,0,111.4,111.7,111.7,111.4,Flex,44.413,False,7.0,238.0,111.2
11806,Casey Washington,WR,FA,ATL,24,2024,0,1,0,11.7,12.3,12.6,34.3,Bench,42.834,True,6.0,187.0,
6068,Devine Ozigbo,RB,FA,FA,28,2019,0,0,0,9.1,8.7,10.2,24.5,Bench,47.425,False,,,
6111,Jake Browning,QB,FA,CIN,29,2019,0,0,0,11.9,74.7,75.6,35.0,Bench,30.581,True,,,
12965,Ethan Garbers,QB,FA,CAR,22,0,1,0,0,0.0,0.0,0.0,0.0,Bench,37.123,False,,,
13080,Deion Hankins,RB,FA,CHI,24,0,1,0,0,0.0,0.0,0.0,0.0,Bench,37.144,True,,,
5284,Jeff Wilson,RB,FA,FA,29,2018,0,0,0,14.7,44.9,50.5,28.9,Bench,45.609,False,,,
11620,Rome Odunze,WR,jrroblestn,CHI,23,2024,0,1,1,140.4,140.3,140.2,128.6,Flex,44.413,False,1.0,9.0,
10232,Michael Wilson,WR,Bakari2,ARI,25,2023,0,0,1,126.8,127.1,129.4,114.8,Flex,45.305,True,3.0,94.0,
12810,Elijhah Badger,WR,FA,KC,23,0,1,0,0,0.0,0.0,0.0,0.0,Bench,44.413,False,,,
6804,Jordan Love,QB,MLeitheiser,GB,26,2020,0,0,1,313.1,296.1,274.3,239.6,Flex,37.266,True,,,
3225,Tyler Boyd,WR,FA,FA,30,2016,0,0,0,87.9,117.2,126.8,107.5,Flex,62.793,False,,,
12549,Jordan Petaia,TE,FA,LAC,25,0,1,0,0,0.0,0.0,0.0,0.0,Bench,18.026,True,,,
5121,Braxton Berrios,WR,FA,HOU,29,2018,0,0,0,10.0,32.8,43.8,30.6,Bench,52.594,False,,,
8147,John Metchie,WR,FA,HOU,24,2022,0,0,0,50.7,44.8,45.8,34.3,Bench,42.834,True,2.0,44.0,
11592,Erick All,TE,FA,CIN,24,2024,0,1,0,32.4,32.4,32.5,25.0,Bench,17.131,False,4.0,115.0,
7496,Nick Westbrook-Ikhine,WR,FA,MIA,28,2020,0,0,0,134.8,116.8,112.1,113.8,Flex,60.344,True,,,
3634,Kalif Raymond,WR,FA,DET,30,2016,0,0,0,45.4,65.5,66.7,30.3,Bench,62.793,False,,,
5773,KhaDarel Hodge,WR,FA,ATL,30,2018,0,0,0,28.3,33.1,32.5,30.3,Bench,62.793,False,,,
4574,Cooper Rush,QB,FA,BAL,31,2017,0,0,0,120.2,72.5,62.2,33.4,Bench,39.707,False,,,
9998,Hendon Hooker,QB,FA,DET,27,2023,0,0,0,16.2,15.8,15.3,36.6,Bench,36.679,True,3.0,68.0,
8500,John FitzPatrick,TE,FA,GB,25,2022,0,0,0,8.6,9.3,9.5,26.3,Bench,18.026,True,6.0,213.0,
4037,Chris Godwin,WR,nilmaven,TB,29,2017,0,0,1,147.7,177.6,183.7,172.2,C,52.594,False,,,
11606,Dallin Holker,TE,FA,NO,25,2024,0,1,0,11.5,11.9,12.1,26.3,Bench,18.026,True,,,
5137,Richie James,WR,FA,FA,29,2018,0,0,0,23.6,57.0,50.8,30.6,Bench,52.594,False,,,
12753,Jamoi Mayes,WR,FA,CIN,22,0,1,0,0,0.0,0.0,0.0,0.0,Bench,50.085,False,,,
5013,Anthony Miller,WR,FA,BAL,30,2018,0,0,0,11.8,31.0,44.8,30.3,Bench,62.793,False,,,
5906,Dawson Knox,TE,Haxen2000,BUF,28,2019,0,0,1,51.3,64.5,73.7,26.3,Bench,23.525,True,,,
7812,Simi Fehoko,WR,FA,ARI,27,2021,0,0,0,22.7,19.3,18.5,35.0,Bench,53.362,True,,,
7066,K.J. Osborn,WR,FA,WAS,28,2020,0,0,0,24.3,73.5,76.3,32.9,Bench,60.344,True,,,
260,Josh Johnson,QB,FA,WAS,39,2008,0,0,0,11.0,18.3,21.3,25.9,Bench,43.172,False,,,
2711,Taylor Heinicke,QB,FA,LAC,32,2015,0,0,0,12.2,57.0,74.7,33.3,Bench,43.824,False,,,
6857,Collin Johnson,WR,FA,LV,27,2020,0,0,0,11.6,15.5,21.3,35.0,Bench,53.362,True,,,
1837,Jimmy Garoppolo,QB,FA,LAR,33,2014,0,0,0,29.3,76.4,95.4,33.4,Bench,30.161,False,,,
10220,Will Mallory,TE,FA,IND,25,2023,0,0,0,12.8,23.5,24.0,26.3,Bench,18.026,True,5.0,162.0,
8205,Isiah Pacheco,RB,ShrynoRyno,KC,26,2022,0,0,1,83.5,138.5,141.1,140.0,Flex,33.964,True,7.0,251.0,
1166,Kirk Cousins,QB,Bakari2,ATL,36,2012,0,0,1,285.2,297.4,319.7,348.3,C,24.873,False,,,
5185,Allen Lazard,WR,FA,NYJ,29,2018,0,0,0,121.5,113.5,114.5,108.0,Flex,52.594,False,,,
8110,Jake Ferguson,TE,samreilly,DAL,26,2022,0,0,1,84.5,95.9,97.7,26.3,Bench,20.453,True,4.0,129.0,
7842,Luke Farrell,TE,FA,SF,27,2021,0,0,0,21.6,22.9,22.6,26.2,Bench,21.036,True,,,
11046,Colton Dowell,WR,FA,TEN,26,2023,0,0,0,11.3,11.7,12.0,33.9,Bench,50.256,True,7.0,228.0,
4082,Curtis Samuel,WR,FA,BUF,28,2017,0,0,0,81.9,126.5,124.4,113.8,Flex,60.344,True,,,
1049,Ryan Tannehill,QB,FA,FA,36,2012,0,0,0,148.5,213.4,242.3,244.2,Flex,24.873,False,,,
1339,Zach Ertz,TE,jrroblestn,WAS,34,2013,0,0,1,152.0,112.3,113.7,100.0,Flex,13.129,False,,,
11589,Trey Benson,RB,jrroblestn,ARI,22,2024,0,1,1,45.3,44.1,43.1,29.1,Bench,41.564,False,3.0,66.0,
10867,Jake Bobo,WR,FA,SEA,26,2023,0,0,0,32.2,42.0,42.8,33.9,Bench,50.256,True,,,
8131,Isaiah Likely,TE,samreilly,BAL,25,2022,0,0,1,125.9,115.3,115.3,132.3,C,18.026,False,4.0,139.0,
4046,Patrick Mahomes,QB,ShrynoRyno,KC,29,2017,0,0,1,388.4,417.4,428.5,400.7,B,30.581,False,,,
3286,Demarcus Robinson,WR,sportzballz,SF,30,2016,0,0,1,119.5,107.7,104.2,107.5,Flex,62.793,False,,,
11608,Isaiah Williams,WR,FA,CIN,24,2024,0,1,0,11.9,12.4,12.8,34.3,Bench,42.834,True,,,
12524,Shedeur Sanders,QB,FA,CLE,23,0,1,0,0,231.6,229.7,228.4,230.6,Flex,51.128,False,5.0,144.0,230.2
6171,Cody Thompson,WR,FA,TB,29,2019,0,0,0,10.0,8.9,8.8,25.0,Bench,52.594,False,,,
7564,Ja'Marr Chase,WR,samreilly,CIN,25,2021,0,0,1,362.4,304.4,302.8,267.0,A,45.305,False,,,
8174,Kevin Harris,RB,FA,FA,24,2022,0,0,0,26.2,22.7,22.5,28.8,Bench,37.144,True,6.0,183.0,
8177,Grant Calcaterra,TE,FA,PHI,26,2022,0,0,0,51.8,32.3,33.0,26.3,Bench,20.453,True,6.0,198.0,
7746,Austin Trammell,WR,FA,JAX,26,2021,0,0,0,13.3,13.9,13.7,33.9,Bench,50.256,True,,,
7587,Dyami Brown,WR,FA,JAX,25,2021,0,0,0,59.7,47.6,46.4,34.2,Bench,45.305,True,,,
8117,Jalen Tolbert,WR,FA,DAL,26,2022,0,0,0,122.1,77.2,78.6,33.9,Bench,50.256,True,3.0,88.0,
6797,Justin Herbert,QB,nilmaven,LAC,27,2020,0,0,1,361.3,349.0,368.6,332.3,C,36.679,False,,,
13041,Jahmal Banks,WR,FA,BAL,23,0,1,0,0,0.0,0.0,0.0,0.0,Bench,44.413,False,,,
6801,Tee Higgins,WR,boxerschwartz,CIN,26,2020,0,0,1,215.1,195.0,196.9,193.6,B,50.256,False,,,
10859,Sam LaPorta,TE,NevadaLou,DET,24,2023,0,0,1,189.5,208.9,208.8,223.4,A,17.131,False,2.0,34.0,
12792,Garrett Greene,QB,FA,TB,23,0,1,0,0,0.0,0.0,0.0,0.0,Bench,51.128,False,,,
12546,Marcus Yarns,RB,FA,NO,23,0,1,0,0,0.0,0.0,0.0,0.0,Bench,40.482,True,,,
11633,Jamari Thrash,WR,FA,CLE,24,2024,0,1,0,13.8,14.4,14.8,34.3,Bench,42.834,True,5.0,156.0,
3433,Alex Erickson,WR,FA,FA,32,2016,0,0,0,9.8,17.1,16.8,24.0,Bench,73.352,False,,,
12868,Montrell Johnson,RB,FA,PHI,22,0,1,0,0,0.0,0.0,0.0,0.0,Bench,41.564,False,,,
4111,D'Onta Foreman,RB,FA,FA,29,2017,0,0,0,30.1,59.2,57.7,28.9,Bench,45.609,False,,,
6386,Alex Bachman,WR,FA,LV,29,2019,0,0,0,14.3,10.0,10.0,25.0,Bench,52.594,False,,,
4443,Pharaoh Brown,TE,FA,MIA,31,2017,0,0,0,16.3,20.4,22.4,18.9,Bench,27.811,False,,,
8414,Britain Covey,WR,FA,LAR,28,2022,0,0,0,18.2,16.4,16.6,35.1,Bench,60.344,True,,,
8523,Nick Muse,TE,FA,PHI,26,2022,0,0,0,7.8,8.9,9.1,26.3,Bench,20.453,True,7.0,227.0,
9501,DeMario Douglas,WR,Haxen2000,NE,24,2023,0,0,1,35.2,36.2,36.9,115.5,Flex,42.834,True,,,
8180,Jalen Nailor,WR,FA,MIN,26,2022,0,0,0,86.1,52.4,53.4,33.9,Bench,50.256,True,6.0,191.0,
1737,Case Keenum,QB,FA,CHI,37,2012,0,0,0,22.0,18.5,24.7,24.9,Bench,42.228,False,,,
12519,Luther Burden,WR,FA,CHI,21,0,1,0,0,110.2,110.8,111.2,111.0,Flex,73.692,False,2.0,39.0,107.1
9486,Dontayvion Wicks,WR,FA,GB,24,2023,0,0,0,116.4,122.8,125.1,115.5,Flex,42.834,True,5.0,159.0,
1346,Marquise Goodwin,WR,FA,FA,34,2013,0,0,0,19.2,43.4,44.5,28.7,Bench,75.519,False,,,
13199,Montorie Foster,WR,FA,SEA,23,0,1,0,0,0.0,0.0,0.0,0.0,Bench,44.413,False,,,
12455,Brashard Smith,RB,FA,KC,22,0,1,0,0,102.9,103.6,104.1,102.9,Flex,41.564,False,7.0,228.0,102.7
4881,Lamar Jackson,QB,MLeitheiser,BAL,28,2018,0,0,1,509.2,437.6,423.5,399.5,B,40.053,False,,,
11618,Jalen McMillan,WR,Haxen2000,TB,23,2024,0,1,1,139.8,139.8,139.7,150.7,C,44.413,False,3.0,92.0,
4219,Jeremy McNichols,RB,FA,WAS,29,2017,0,0,0,51.9,38.7,36.2,28.9,Bench,45.609,False,,,
10983,Sean Clifford,QB,FA,GB,26,2023,0,0,0,16.1,15.5,14.9,38.1,Bench,37.266,True,5.0,149.0,
2133,Davante Adams,WR,MLeitheiser,LAR,32,2014,0,0,1,249.1,269.7,281.5,268.3,A,73.352,False,,,
96,Aaron Rodgers,QB,NevadaLou,FA,41,2005,0,0,1,265.4,177.3,213.7,100.0,Bench,82.3,False,,,
5872,Deebo Samuel,WR,sportzballz,WAS,29,2019,0,0,1,166.3,189.3,195.7,192.0,B,52.594,False,,,
12941,Bryson Nesbit,TE,FA,MIN,22,0,1,0,0,0.0,0.0,0.0,0.0,Bench,25.402,False,,,
9480,Brenton Strange,TE,FA,JAX,24,2023,0,0,0,71.1,48.2,48.2,25.0,Bench,17.131,False,2.0,61.0,
12545,Tyler Shough,QB,FA,NO,25,0,1,0,0,239.4,245.0,248.9,226.5,Flex,35.857,True,2.0,40.0,228.3
827,Tyrod Taylor,QB,FA,NYJ,35,2011,0,0,0,28.4,46.8,49.0,33.9,Bench,43.357,False,,,
4892,Baker Mayfield,QB,NevadaLou,TB,30,2018,0,0,1,455.0,372.5,358.4,336.5,C,36.594,False,,,
4137,James Conner,RB,boxerschwartz,ARI,30,2017,0,0,1,239.5,217.7,215.3,196.7,B,48.916,False,,,
10862,Dorian Thompson-Robinson,QB,FA,PHI,25,2023,0,0,0,35.3,37.2,36.9,39.9,Bench,35.857,True,5.0,140.0,
8145,Jeremy Ruckert,TE,FA,NYJ,24,2022,0,0,0,27.3,23.8,23.8,25.0,Bench,17.131,False,3.0,101.0,
12518,Tyler Warren,TE,FA,IND,23,0,1,0,0,95.1,96.5,97.4,97.7,Flex,17.697,False,1.0,14.0,95.3
7106,Lawrence Cager,TE,FA,WAS,27,2020,0,0,0,17.8,20.4,20.8,26.2,Bench,21.036,True,,,
928,Randall Cobb,WR,FA,FA,34,2011,0,0,0,21.2,48.0,57.6,28.7,Bench,75.519,False,,,
9506,Sean Tucker,RB,FA,TB,23,2023,0,0,0,62.2,42.2,42.1,29.3,Bench,40.482,True,,,
7607,Michael Carter,RB,FA,ARI,26,2021,0,0,0,35.1,56.5,66.7,29.6,Bench,33.964,True,,,
8167,Christian Watson,WR,Bakari2,GB,26,2022,0,0,1,118.0,130.2,132.5,134.3,Flex,50.256,True,2.0,34.0,
8211,Tyrion Davis-Price,RB,FA,FA,24,2022,0,0,0,11.0,12.3,11.9,28.8,Bench,37.144,True,3.0,93.0,
7599,Jermar Jefferson,RB,FA,FA,25,2021,0,0,0,12.6,19.2,19.1,28.8,Bench,38.678,True,,,
12897,Nathan Carter,RB,FA,ATL,23,0,1,0,0,0.0,0.0,0.0,0.0,Bench,40.482,True,,,
9999,Will Levis,QB,Haxen2000,TEN,25,2023,0,0,1,147.5,138.0,139.5,39.9,Bench,35.857,True,2.0,33.0,
12509,Tre Harris,WR,FA,LAC,23,0,1,0,0,111.4,111.7,111.7,111.7,Flex,44.413,False,2.0,55.0,107.5
5947,Jakobi Meyers,WR,MLeitheiser,LV,28,2019,0,0,1,211.7,206.2,199.9,192.5,B,60.344,False,,,
12778,Jerjuan Newton,WR,FA,DEN,24,0,1,0,0,0.0,0.0,0.0,0.0,Bench,42.834,True,,,
12946,Dontae Fleming,WR,FA,MIN,23,0,1,0,0,0.0,0.0,0.0,0.0,Bench,44.413,False,,,
11651,Isaac Guerendo,RB,jrroblestn,SF,24,2024,0,1,1,102.1,105.1,107.1,109.7,Flex,37.144,True,4.0,129.0,
12700,Gavin Bartholomew,TE,FA,MIN,22,0,1,0,0,93.2,95.0,96.2,94.1,Flex,25.402,False,6.0,202.0,94.1
3271,Tyler Higbee,TE,FA,LAR,32,2016,0,0,0,26.2,64.8,73.2,24.9,Bench,24.365,False,,,
12761,Jordan Moore,WR,FA,CIN,23,0,1,0,0,0.0,0.0,0.0,0.0,Bench,44.413,False,,,
12940,Tre Stewart,RB,FA,MIN,22,0,1,0,0,0.0,0.0,0.0,0.0,Bench,41.564,False,,,
4988,Nick Chubb,RB,Bakari2,FA,29,2018,0,0,1,75.8,100.3,116.9,103.0,Flex,45.609,False,,,
1535,Cordarrelle Patterson,RB,FA,PIT,34,2013,0,0,0,35.5,53.7,70.0,34.3,Bench,31.243,False,,,
11638,Ricky Pearsall,WR,MLeitheiser,SF,24,2024,0,1,1,78.7,81.2,82.8,34.3,Bench,42.834,True,1.0,31.0,
12514,Emeka Egbuka,WR,FA,TB,22,0,1,0,0,110.9,111.3,111.6,111.6,Flex,50.085,False,1.0,19.0,106.7
7569,Nico Collins,WR,jrroblestn,HOU,26,2021,0,0,1,199.0,192.8,181.6,171.8,C,50.256,False,,,
6659,Craig Reynolds,RB,FA,DET,29,2019,0,0,0,21.9,21.7,21.4,18.4,Bench,45.609,False,,,
9228,Bryce Young,QB,nilmaven,CAR,23,2023,0,0,1,250.1,237.3,236.9,227.3,Flex,51.128,False,1.0,1.0,
12487,Terrance Ferguson,TE,FA,LAR,22,0,1,0,0,93.2,95.0,96.2,95.7,Flex,25.402,False,2.0,46.0,95.1
10221,Ronnie Bell,WR,FA,DET,25,2023,0,0,0,13.3,22.4,22.9,34.2,Bench,45.305,True,7.0,253.0,
5973,Josh Oliver,TE,FA,MIN,28,2019,0,0,0,56.2,50.5,44.2,26.3,Bench,23.525,True,,,
8408,Jordan Mason,RB,FA,MIN,26,2022,0,0,0,93.3,63.7,64.7,29.6,Bench,33.964,True,,,
5128,Logan Woodside,QB,FA,CIN,30,2018,0,0,0,12.0,9.6,9.6,27.1,Bench,36.594,True,,,
11650,Luke McCaffrey,WR,nilmaven,WAS,24,2024,0,1,1,35.6,36.8,37.6,34.3,Bench,42.834,True,3.0,100.0,
7021,Rico Dowdle,RB,samreilly,CAR,27,2020,0,0,1,153.6,97.6,87.4,29.6,Bench,42.505,True,,,
11895,Mason Tipton,WR,FA,NO,24,2024,0,1,0,27.5,28.5,29.2,34.3,Bench,42.834,True,,,
7083,Tyler Huntley,QB,FA,FA,27,2020,0,0,0,71.1,58.6,59.2,36.6,Bench,36.679,True,,,
8137,George Pickens,WR,Haxen2000,DAL,24,2022,0,0,1,167.1,177.5,177.4,171.6,C,42.834,False,2.0,52.0,
5987,Alexander Mattison,RB,NevadaLou,MIA,26,2019,0,0,1,134.0,128.6,128.5,109.1,Flex,33.964,True,,,
8135,Treylon Burks,WR,FA,TEN,25,2022,0,0,0,15.7,38.0,38.8,34.2,Bench,45.305,True,1.0,18.0,
7694,Tommy Tremble,TE,FA,CAR,25,2021,0,0,0,49.2,51.0,51.6,26.3,Bench,18.026,True,,,
13053,Daniel Jackson,WR,FA,HOU,23,0,1,0,0,0.0,0.0,0.0,0.0,Bench,44.413,False,,,
9484,Tucker Kraft,TE,MLeitheiser,GB,24,2023,0,0,1,154.0,128.2,128.0,131.6,C,17.131,False,3.0,78.0,
10215,Jake Haener,QB,FA,NO,26,2023,0,0,0,28.5,28.2,27.8,38.1,Bench,37.266,True,4.0,127.0,
11597,Theo Johnson,TE,boxerschwartz,NYG,24,2024,0,1,1,55.0,55.1,55.1,25.0,Bench,17.131,False,4.0,107.0,
11576,Braelon Allen,RB,nilmaven,NYJ,21,2024,0,1,1,73.6,72.1,70.9,31.0,Bench,52.734,False,4.0,134.0,
7596,Elijah Moore,WR,nilmaven,BUF,25,2021,0,0,1,99.1,99.3,103.4,34.2,Bench,45.305,True,,,
8146,Garrett Wilson,WR,NevadaLou,NYJ,24,2022,0,0,1,236.5,221.6,221.3,195.8,B,42.834,False,1.0,10.0,
5209,Mike Boone,RB,FA,FA,29,2018,0,0,0,11.4,14.5,16.8,18.4,Bench,45.609,False,,,
4663,Austin Ekeler,RB,NevadaLou,WAS,30,2017,0,0,1,141.0,190.2,199.6,158.3,C,48.916,False,,,
9511,Keaton Mitchell,RB,NevadaLou,BAL,23,2023,0,0,1,16.7,36.5,36.3,29.3,Bench,40.482,True,,,
7521,Chris Blair,WR,FA,ATL,27,2021,0,0,0,12.5,12.0,12.2,35.0,Bench,53.362,True,,,
12543,Tahj Brooks,RB,FA,CIN,23,0,1,0,0,108.8,112.5,115.0,103.9,Flex,40.482,True,6.0,193.0,102.9
7438,Kristian Wilkerson,WR,FA,BUF,28,2020,0,0,0,17.7,17.5,16.9,35.1,Bench,60.344,True,,,
8208,Tyler Badie,RB,FA,DEN,25,2022,0,0,0,16.4,16.2,16.0,28.8,Bench,38.678,True,6.0,196.0,
11586,Blake Corum,RB,ShrynoRyno,LAR,24,2024,0,1,1,35.1,35.2,35.2,28.8,Bench,37.144,True,3.0,83.0,
11139,Elijah Cooks,WR,FA,PHI,26,2023,0,0,0,10.4,13.0,13.2,33.9,Bench,50.256,True,,,
8225,Daniel Bellinger,TE,FA,NYG,24,2022,0,0,0,25.9,39.1,39.1,25.0,Bench,17.131,False,4.0,112.0,
5938,Lil'Jordan Humphrey,WR,FA,NYG,27,2019,0,0,0,57.7,45.0,44.1,33.5,Bench,53.362,True,,,
12504,Kaleb Johnson,RB,FA,PIT,21,0,1,0,0,102.1,102.9,103.5,103.2,Flex,52.734,False,3.0,83.0,103.4
12474,Woody Marks,RB,FA,HOU,24,0,1,0,0,0.0,0.0,0.0,0.0,Bench,37.144,True,,,
11644,Cody Schrader,RB,FA,LAR,25,2024,0,1,0,10.9,10.5,10.3,28.8,Bench,38.678,True,,,
4040,JuJu Smith-Schuster,WR,FA,KC,28,2017,0,0,0,49.6,75.2,81.8,32.9,Bench,60.344,True,,,
8206,Skylar Thompson,QB,FA,PIT,28,2022,0,0,0,20.0,25.6,25.5,40.3,Bench,40.053,True,7.0,247.0,
12171,British Brooks,RB,FA,HOU,25,2024,0,1,0,9.7,9.2,8.9,28.8,Bench,38.678,True,,,
3321,Tyreek Hill,WR,Bakari2,MIA,31,2016,0,0,1,232.7,289.0,290.9,267.9,A,70.867,False,,,
8013,Tim Jones,WR,FA,MIN,27,2021,0,0,0,15.7,19.1,19.4,35.0,Bench,53.362,True,,,
13074,Isaiah Neyor,WR,FA,SF,24,0,1,0,0,0.0,0.0,0.0,0.0,Bench,42.834,True,,,
6185,Easton Stick,QB,FA,ATL,29,2019,0,0,0,75.1,41.5,41.8,28.5,Bench,30.581,True,,,
8197,Peyton Hendershot,TE,FA,FA,26,2022,0,0,0,15.2,20.1,20.5,26.3,Bench,20.453,True,,,
2216,Mike Evans,WR,Haxen2000,TB,31,2014,0,0,1,248.2,256.0,257.0,267.9,A,70.867,False,,,
7562,Tutu Atwell,WR,FA,LAR,25,2021,0,0,0,82.9,82.8,74.5,34.2,Bench,45.305,True,,,
8132,Tyler Allgeier,RB,jrroblestn,ATL,25,2022,0,0,1,119.8,140.0,142.6,139.9,Flex,38.678,True,5.0,151.0,
12523,Jimmy Horn,WR,FA,CAR,22,0,1,0,0,110.9,111.3,111.6,111.1,Flex,50.085,False,6.0,208.0,110.6
8254,Julius Chestnut,RB,FA,TEN,24,2022,0,0,0,20.3,15.7,15.4,28.8,Bench,37.144,True,,,
12489,RJ Harvey,RB,FA,DEN,24,0,1,0,0,109.4,113.0,115.3,104.7,Flex,37.144,True,2.0,60.0,103.5
2161,Jerick McKinnon,RB,FA,FA,33,2014,0,0,0,69.0,87.6,93.4,32.8,Bench,40.385,False,,,
8157,Bailey Zappe,QB,FA,KC,26,2022,0,0,0,24.2,54.6,54.7,38.1,Bench,37.266,True,4.0,137.0,
7535,Hunter Long,TE,FA,JAX,26,2021,0,0,0,17.4,12.4,12.3,26.3,Bench,20.453,True,,,
12482,Savion Williams,WR,FA,GB,23,0,1,0,0,111.4,111.7,111.7,111.7,Flex,44.413,False,3.0,87.0,108.1
13190,Taylor Elgersma,QB,FA,GB,23,0,1,0,0,0.0,0.0,0.0,0.0,Bench,51.128,False,,,
11959,Bryce Oliver,WR,FA,TEN,25,2024,0,1,0,21.6,22.4,22.8,34.2,Bench,45.305,True,,,
13119,Collin Schlee,QB,FA,WAS,24,0,1,0,0,0.0,0.0,0.0,0.0,Bench,31.729,False,,,
8253,Deven Thompkins,WR,FA,FA,25,2022,0,0,0,15.1,23.5,24.0,34.2,Bench,45.305,True,,,
6421,Jalen Guyton,WR,FA,FA,28,2019,0,0,0,28.8,37.6,41.7,32.9,Bench,60.344,True,,,
4351,Tim Patrick,WR,FA,DET,31,2017,0,0,0,103.0,128.6,116.5,127.4,Flex,70.867,False,,,
2410,Jamison Crowder,WR,FA,FA,32,2015,0,0,0,28.1,23.8,37.4,24.0,Bench,73.352,False,,,
9220,Evan Hull,RB,FA,PIT,24,2023,0,0,0,10.5,10.4,9.9,28.8,Bench,37.144,True,5.0,176.0,
6984,Tony Jones,RB,FA,FA,27,2020,0,0,0,16.6,21.8,21.4,26.3,Bench,42.505,True,,,
11596,Ben Sinnott,TE,FA,WAS,23,2024,0,1,0,17.0,17.0,17.0,24.9,Bench,17.697,False,2.0,53.0,
3198,Derrick Henry,RB,NevadaLou,BAL,31,2016,0,0,1,320.6,295.7,288.6,283.8,A,47.257,False,,,
12522,Cameron Ward,QB,FA,TEN,23,0,1,0,0,0.0,0.0,0.0,0.0,Bench,51.128,False,,,
6885,Ke'Shawn Vaughn,RB,FA,FA,28,2020,0,0,0,7.7,10.5,14.6,24.5,Bench,47.425,False,,,
8143,Jerome Ford,RB,boxerschwartz,CLE,25,2022,0,0,1,108.0,107.5,109.1,28.8,Bench,38.678,True,5.0,156.0,
6694,D'Ernest Johnson,RB,FA,FA,29,2019,0,0,0,32.4,23.4,28.7,18.4,Bench,45.609,False,,,
12496,Tai Felton,WR,FA,MIN,22,0,1,0,0,110.9,111.3,111.6,111.1,Flex,50.085,False,3.0,102.0,108.4
12656,Robbie Ouzts,TE,FA,SEA,22,0,1,0,0,93.2,95.0,96.2,94.1,Flex,25.402,False,5.0,175.0,94.3
6847,Devin Duvernay,WR,FA,CHI,27,2020,0,0,0,24.6,37.6,43.0,33.5,Bench,53.362,True,,,
5257,Tim Boyle,QB,FA,TEN,30,2018,0,0,0,25.8,19.4,20.6,27.1,Bench,36.594,True,,,
2750,DeAndre Carter,WR,FA,CLE,32,2015,0,0,0,19.7,33.8,35.3,29.6,Bench,73.352,False,,,
9493,Puka Nacua,WR,jrroblestn,LAR,24,2023,0,0,1,214.5,242.2,242.2,231.6,B,42.834,False,5.0,177.0,
10226,Andrei Iosivas,WR,nilmaven,CIN,25,2023,0,0,1,98.3,78.8,80.4,34.2,Bench,45.305,True,6.0,206.0,
6996,JaMycal Hasty,RB,FA,FA,28,2020,0,0,0,31.6,31.5,31.4,105.1,Flex,47.425,False,,,
11617,Malachi Corley,WR,FA,NYJ,23,2024,0,1,0,12.9,13.1,13.3,32.7,Bench,44.413,False,3.0,65.0,
4981,Calvin Ridley,WR,boxerschwartz,TEN,30,2018,0,0,1,184.7,172.1,182.0,153.1,C,62.793,False,,,
4171,Josh Reynolds,WR,FA,NYJ,30,2017,0,0,0,36.9,68.1,70.2,30.3,Bench,62.793,False,,,
6926,Brycen Hopkins,TE,FA,FA,28,2020,0,0,0,17.3,17.2,16.3,26.3,Bench,23.525,True,,,
7946,Jack Stoll,TE,FA,NO,27,2021,0,0,0,10.0,15.2,15.2,26.2,Bench,21.036,True,,,
12906,Cam Camper,WR,FA,JAX,23,0,1,0,0,0.0,0.0,0.0,0.0,Bench,44.413,False,,,
8160,Kenny Pickett,QB,FA,CLE,27,2022,0,0,0,38.1,94.5,95.4,36.6,Bench,36.679,True,1.0,20.0,
9479,Darnell Washington,TE,FA,PIT,23,2023,0,0,0,38.8,29.3,29.3,24.9,Bench,17.697,False,3.0,93.0,
11577,Will Shipley,RB,FA,PHI,22,2024,0,1,0,23.4,22.2,21.2,29.1,Bench,41.564,False,4.0,127.0,
12540,Chimere Dike,WR,FA,TEN,23,0,1,0,0,111.4,111.7,111.7,111.6,Flex,44.413,False,4.0,103.0,108.5
5859,A.J. Brown,WR,Bakari2,PHI,27,2019,0,0,1,231.7,261.4,253.6,266.9,A,53.362,False,,,
4034,Christian McCaffrey,RB,boxerschwartz,SF,29,2017,0,0,1,82.4,210.4,192.2,159.2,C,45.609,False,,,
5937,Diontae Johnson,WR,Haxen2000,CLE,28,2019,0,0,1,106.0,140.3,162.6,134.1,Flex,60.344,True,,,
12721,Kaden Prather,WR,FA,BUF,22,0,1,0,0,110.9,111.3,111.6,110.9,Flex,50.085,False,7.0,240.0,111.3
4455,Matt Breida,RB,FA,FA,30,2017,0,0,0,40.1,42.7,45.8,29.5,Bench,48.916,False,,,
7591,Justin Fields,QB,jrroblestn,NYJ,26,2021,0,0,1,199.8,269.9,262.6,332.0,C,37.266,False,,,
5134,Keith Kirkwood,WR,FA,BAL,30,2018,0,0,0,20.3,13.7,12.6,24.8,Bench,62.793,False,,,
2309,Amari Cooper,WR,Haxen2000,FA,31,2015,0,0,1,144.1,187.4,191.7,190.8,B,70.867,False,,,
7771,Jake Funk,RB,FA,FA,27,2021,0,0,0,10.5,9.3,9.4,26.3,Bench,42.505,True,,,
4866,Saquon Barkley,RB,sportzballz,PHI,28,2018,0,0,1,323.1,280.0,248.6,238.6,A,47.425,False,,,
13217,Hunter Dekkers,QB,FA,NO,23,0,1,0,0,0.0,0.0,0.0,0.0,Bench,51.128,False,,,
4068,Mike Williams,WR,Haxen2000,LAC,30,2017,0,0,1,49.8,66.8,85.3,30.3,Bench,62.793,False,,,
8170,James Mitchell,TE,FA,CAR,25,2022,0,0,0,7.8,14.0,14.3,26.3,Bench,18.026,True,5.0,177.0,
5967,Tony Pollard,RB,Haxen2000,TEN,28,2019,0,0,1,203.7,215.6,203.3,200.5,B,47.425,False,,,
12048,George Holani,RB,FA,SEA,25,2024,0,1,0,10.9,10.5,10.3,28.8,Bench,38.678,True,,,
10217,Clayton Tune,QB,FA,ARI,26,2023,0,0,0,13.4,16.7,16.1,38.1,Bench,37.266,True,5.0,139.0,
12888,Dalen Cambre,WR,FA,NYG,24,0,1,0,0,0.0,0.0,0.0,0.0,Bench,42.834,True,,,
12641,Jaylin Lane,WR,FA,WAS,23,0,1,0,0,111.4,111.7,111.7,111.6,Flex,44.413,False,4.0,128.0,109.0
10213,Tre Tucker,WR,sportzballz,LV,24,2023,0,0,1,105.0,89.6,91.4,34.3,Bench,42.834,True,3.0,100.0,
5916,Darrell Henderson,RB,FA,FA,27,2019,0,0,0,40.2,68.7,70.8,29.6,Bench,42.505,True,,,
8130,Trey McBride,TE,MLeitheiser,ARI,25,2022,0,0,1,209.9,166.8,166.7,132.3,C,18.026,False,2.0,55.0,
7536,Quintin Morris,TE,FA,JAX,26,2021,0,0,0,18.5,19.1,19.4,26.3,Bench,20.453,True,,,
8142,Alec Pierce,WR,sportzballz,IND,25,2022,0,0,1,159.4,138.9,141.4,134.5,Flex,45.305,True,2.0,53.0,
7045,Joshua Kelley,RB,FA,FA,27,2020,0,0,0,8.3,34.6,36.6,29.6,Bench,42.505,True,,,
3214,Hunter Henry,TE,Haxen2000,NE,30,2016,0,0,1,140.9,128.8,133.6,136.8,C,24.587,False,,,
3976,Mitchell Trubisky,QB,FA,BUF,30,2017,0,0,0,26.8,52.0,59.2,34.8,Bench,36.594,True,,,
7523,Trevor Lawrence,QB,jrroblestn,JAX,25,2021,0,0,1,238.1,306.6,304.3,332.3,C,35.857,False,,,
12508,Jaxson Dart,QB,FA,NYG,22,0,1,0,0,234.0,231.7,230.0,229.3,Flex,37.123,False,1.0,25.0,228.0
11605,Jaheim Bell,TE,FA,NE,24,2024,0,1,0,10.1,10.2,10.2,25.0,Bench,17.131,False,7.0,231.0,
4066,Evan Engram,TE,sportzballz,DEN,30,2017,0,0,1,101.8,148.6,143.6,136.8,C,24.587,False,,,
12533,Jacory Croskey-Merritt,RB,FA,WAS,24,0,1,0,0,109.4,113.0,115.3,104.2,Flex,37.144,True,7.0,245.0,102.6
3048,Chris Manhertz,TE,FA,NYG,33,2015,0,0,0,15.9,11.6,12.5,18.8,Bench,20.187,False,,,
3164,Ezekiel Elliott,RB,FA,FA,29,2016,0,0,0,79.9,127.3,144.4,133.8,Flex,45.609,False,,,
6945,Antonio Gibson,RB,FA,NE,26,2020,0,0,0,109.1,128.8,146.2,109.1,Flex,33.964,True,,,
12787,Josh Williams,RB,FA,TB,24,0,1,0,0,0.0,0.0,0.0,0.0,Bench,37.144,True,,,
8227,Teagan Quitoriano,TE,FA,ATL,25,2022,0,0,0,7.8,14.5,14.8,26.3,Bench,18.026,True,5.0,170.0,
8171,Kyle Philips,WR,FA,LV,26,2022,0,0,0,33.2,28.0,28.6,33.9,Bench,50.256,True,5.0,163.0,
8220,Sincere McCormick,RB,FA,LV,24,2022,0,0,0,30.5,30.4,30.3,28.8,Bench,37.144,True,,,
8676,Rashid Shaheed,WR,samreilly,NO,26,2022,0,0,1,89.5,115.6,117.6,114.5,Flex,50.256,True,,,
6271,Olamide Zaccheaus,WR,FA,CHI,27,2019,0,0,0,93.1,76.7,76.1,33.5,Bench,53.362,True,,,
11885,Ramel Keyton,WR,FA,FA,24,2024,0,1,0,11.2,11.8,12.1,34.3,Bench,42.834,True,,,
6920,Isaiah Hodgins,WR,FA,SF,26,2020,0,0,0,12.7,43.8,40.1,33.9,Bench,50.256,True,,,
12527,Ashton Jeanty,RB,FA,LV,21,0,1,0,0,102.1,102.9,103.5,103.8,Flex,52.734,False,1.0,6.0,103.7
10225,Jonathan Mingo,WR,FA,DAL,24,2023,0,0,0,33.6,51.9,52.9,34.3,Bench,42.834,True,2.0,39.0,
12470,Riley Leonard,QB,FA,IND,22,0,1,0,0,234.0,231.7,230.0,232.8,Flex,37.123,False,6.0,189.0,231.0
12473,Mitchell Evans,TE,FA,CAR,22,0,1,0,0,93.2,95.0,96.2,94.1,Flex,25.402,False,5.0,163.0,94.4
10219,Chris Rodriguez,RB,FA,WAS,25,2023,0,0,0,32.7,35.0,35.2,28.8,Bench,38.678,True,6.0,193.0,
4985,Rashaad Penny,RB,FA,FA,29,2018,0,0,0,10.6,40.0,38.3,28.9,Bench,45.609,False,,,
5917,Mecole Hardman,WR,FA,GB,27,2019,0,0,0,34.9,44.2,59.4,33.5,Bench,53.362,True,,,
12460,Antwane Wells,WR,FA,NYG,24,0,1,0,0,0.0,0.0,0.0,0.0,Bench,42.834,True,,,
5022,Dallas Goedert,TE,ShrynoRyno,PHI,30,2018,0,0,1,111.6,125.5,129.2,136.8,C,24.587,False,,,
12849,Traeshon Holden,WR,FA,DAL,23,0,1,0,0,0.0,0.0,0.0,0.0,Bench,44.413,False,,,
616,Jimmy Graham,TE,FA,FA,38,2010,0,0,0,31.2,52.1,59.4,24.7,Bench,29.25,False,,,
7436,Mason Kinsey,WR,FA,TEN,26,2020,0,0,0,13.1,12.6,12.6,33.9,Bench,50.256,True,,,
13043,Chris Tyree,WR,FA,NO,23,0,1,0,0,0.0,0.0,0.0,0.0,Bench,44.413,False,,,
1689,Adam Thielen,WR,ShrynoRyno,CAR,34,2013,0,0,1,149.3,177.2,183.8,173.6,C,75.519,False,,,
11082,Ben Sims,TE,FA,GB,25,2023,0,0,0,13.8,15.5,15.8,26.3,Bench,18.026,True,,,
6955,James Robinson,RB,FA,FA,26,2020,0,0,0,9.5,60.4,80.1,29.6,Bench,33.964,True,,,
12495,Ollie Gordon,RB,FA,MIA,21,0,1,0,0,102.1,102.9,103.5,102.5,Flex,52.734,False,6.0,179.0,102.9
4602,Robert Tonyan,TE,FA,KC,31,2017,0,0,0,7.5,30.1,40.6,25.0,Bench,27.811,False,,,
4189,Eric Saubert,TE,FA,SEA,31,2017,0,0,0,26.2,19.0,18.0,18.9,Bench,27.811,False,,,
5695,Brandon Powell,WR,FA,FA,29,2018,0,0,0,19.9,37.4,33.4,30.6,Bench,52.594,False,,,
12863,Andrew Armstrong,WR,FA,MIA,24,0,1,0,0,0.0,0.0,0.0,0.0,Bench,42.834,True,,,
5133,Tyler Conklin,TE,NevadaLou,LAC,29,2018,0,0,1,124.2,126.3,122.9,136.0,C,22.675,False,,,
12852,Monaray Baldwin,WR,FA,MIA,22,0,1,0,0,0.0,0.0,0.0,0.0,Bench,50.085,False,,,
8917,KaVontae Turpin,WR,FA,DAL,28,2022,0,0,0,78.3,56.8,57.8,32.9,Bench,60.344,True,,,
12775,Max Brosmer,QB,FA,MIN,24,0,1,0,0,0.0,0.0,0.0,0.0,Bench,31.729,False,,,
2374,Tyler Lockett,WR,boxerschwartz,TEN,32,2015,0,0,1,136.1,173.3,184.9,172.9,C,73.352,False,,,
6957,James Proche,WR,FA,TEN,28,2020,0,0,0,12.8,13.6,16.8,35.1,Bench,60.344,True,,,
3357,Brandon Allen,QB,FA,TEN,32,2016,0,0,0,18.5,14.2,20.5,24.0,Bench,43.824,False,,,
10229,Rashee Rice,WR,NevadaLou,KC,25,2023,0,0,1,83.0,133.1,135.5,114.8,Flex,45.305,True,2.0,55.0,
12776,Connor Bazelak,QB,FA,TB,24,0,1,0,0,0.0,0.0,0.0,0.0,Bench,31.729,False,,,
9226,De'Von Achane,RB,ShrynoRyno,MIA,23,2023,0,0,1,271.9,239.8,240.2,206.1,B,40.482,False,3.0,84.0,
9494,Marvin Mims,WR,samreilly,DEN,23,2023,0,0,1,124.1,104.7,104.7,110.5,Flex,44.413,False,2.0,63.0,
4973,Hayden Hurst,TE,Bakari2,FA,31,2018,0,0,1,18.3,38.6,46.7,25.0,Bench,27.811,False,,,
11559,Michael Penix,QB,ShrynoRyno,ATL,25,2024,0,1,1,60.8,61.4,61.5,39.9,Bench,35.857,True,1.0,8.0,
4993,Mike Gesicki,TE,NevadaLou,CIN,29,2018,0,0,1,135.2,112.4,123.2,100.0,Flex,22.675,True,,,
5248,Gus Edwards,RB,Haxen2000,FA,30,2018,0,0,1,76.3,104.1,105.4,102.8,Flex,48.916,False,,,
11627,Troy Franklin,WR,nilmaven,DEN,22,2024,0,1,1,55.9,56.2,56.4,32.5,Bench,50.085,False,4.0,102.0,
2755,Eric Tomlinson,TE,FA,FA,33,2015,0,0,0,9.6,13.1,11.8,18.8,Bench,20.187,False,,,
5955,Hunter Renfrow,WR,FA,CAR,29,2019,0,0,0,44.0,83.8,87.7,30.6,Bench,52.594,False,,,
5323,Equanimeous St. Brown,WR,FA,FA,28,2018,0,0,0,10.5,20.8,21.8,26.3,Bench,60.344,True,,,
13017,Hajj-Malik Williams,QB,FA,LV,25,0,1,0,0,0.0,0.0,0.0,0.0,Bench,35.857,True,,,
6869,Adam Trautman,TE,FA,DEN,28,2020,0,0,0,40.1,45.6,47.0,26.3,Bench,23.525,True,,,
6234,Deonte Harty,WR,FA,FA,27,2019,0,0,0,10.5,16.7,27.2,26.3,Bench,53.362,True,,,
9509,Bijan Robinson,RB,jrroblestn,ATL,23,2023,0,0,1,313.2,285.3,285.5,244.2,A,40.482,False,1.0,8.0,
7525,DeVonta Smith,WR,Haxen2000,PHI,26,2021,0,0,1,209.7,224.8,221.4,229.9,B,50.256,False,,,
12530,Travis Hunter,WR,FA,JAX,22,0,1,0,0,110.9,111.3,111.6,111.6,Flex,50.085,False,1.0,2.0,106.4
11292,Tommy DeVito,QB,FA,NYG,26,2023,0,0,0,26.7,61.2,61.4,38.1,Bench,37.266,True,,,
12476,Devin Neal,RB,FA,NO,21,0,1,0,0,102.1,102.9,103.5,102.5,Flex,52.734,False,6.0,184.0,102.9
12511,Will Howard,QB,FA,PIT,23,0,1,0,0,231.6,229.7,228.4,230.6,Flex,51.128,False,6.0,185.0,230.9
8118,David Bell,WR,FA,CLE,24,2022,0,0,0,14.2,32.3,33.0,34.3,Bench,42.834,True,3.0,99.0,
8207,Tyler Goodson,RB,FA,IND,24,2022,0,0,0,43.1,34.9,34.9,28.8,Bench,37.144,True,,,
12490,Bhayshul Tuten,RB,FA,JAX,23,0,1,0,0,108.8,112.5,115.0,103.9,Flex,40.482,True,4.0,104.0,103.3
12478,Nick Nash,WR,FA,ATL,24,0,1,0,0,0.0,0.0,0.0,0.0,Bench,42.834,True,,,
12457,Jaydon Blue,RB,FA,DAL,21,0,1,0,0,102.1,102.9,103.5,102.5,Flex,52.734,False,5.0,149.0,103.1
7039,Cody White,WR,FA,SEA,26,2020,0,0,0,15.1,14.6,14.9,33.9,Bench,50.256,True,,,
1992,Allen Robinson,WR,FA,FA,31,2014,0,0,0,14.1,39.3,56.5,30.0,Bench,70.867,False,,,
2028,Derek Carr,QB,NevadaLou,FA,34,2014,0,0,1,244.6,292.7,307.5,344.8,C,48.485,False,,,
13001,Mario Williams,WR,FA,LAR,22,0,1,0,0,0.0,0.0,0.0,0.0,Bench,50.085,False,,,
2749,Raheem Mostert,RB,FA,LV,33,2015,0,0,0,96.1,157.2,140.2,154.9,C,40.385,False,,,
8112,Drake London,WR,samreilly,ATL,23,2022,0,0,1,256.9,216.0,215.8,196.8,B,44.413,False,1.0,8.0,
11632,Malik Nabers,WR,samreilly,NYG,21,2024,0,1,1,273.6,273.0,272.6,268.1,A,73.692,False,1.0,6.0,
4177,Mack Hollins,WR,FA,NE,31,2017,0,0,0,79.1,74.6,68.2,30.0,Bench,70.867,False,,,
11371,Julian Hill,TE,FA,MIA,24,2023,0,0,0,22.7,18.8,18.9,25.0,Bench,17.131,False,,,
6598,Trenton Irwin,WR,FA,FA,29,2019,0,0,0,13.2,35.8,30.8,30.6,Bench,52.594,False,,,
12715,Thomas Fidone,TE,FA,NYG,22,0,1,0,0,93.2,95.0,96.2,94.1,Flex,25.402,False,7.0,219.0,94.0
9229,Anthony Richardson,QB,boxerschwartz,IND,23,2023,0,0,1,164.6,126.1,124.9,42.9,Bench,51.128,False,1.0,4.0,
6770,Joe Burrow,QB,samreilly,CIN,28,2020,0,0,1,461.4,382.4,374.9,333.1,C,40.053,False,,,
11624,Xavier Worthy,WR,boxerschwartz,KC,22,2024,0,1,1,183.6,183.3,183.1,172.2,C,50.085,False,1.0,28.0,
11994,Kameron Johnson,WR,FA,TB,23,2024,0,1,0,10.0,10.3,10.4,32.7,Bench,44.413,False,,,
10227,Payne Durham,TE,FA,TB,25,2023,0,0,0,33.1,26.4,27.0,26.3,Bench,18.026,True,5.0,171.0,
10214,Davis Allen,TE,FA,LAR,24,2023,0,0,0,14.3,19.0,19.0,25.0,Bench,17.131,False,5.0,175.0,
8153,Isaiah Spiller,RB,FA,FA,23,2022,0,0,0,25.6,21.8,21.3,29.3,Bench,40.482,True,4.0,123.0,
4179,Joshua Dobbs,QB,FA,NE,30,2017,0,0,0,41.1,95.8,79.4,34.8,Bench,36.594,True,,,
10866,Aidan O'Connell,QB,FA,LV,26,2023,0,0,0,110.1,128.2,129.7,38.1,Bench,37.266,True,4.0,135.0,
6037,Brett Rypien,QB,FA,MIN,28,2019,0,0,0,18.4,19.3,19.9,30.2,Bench,40.053,True,,,
12499,Elic Ayomanor,WR,FA,TEN,22,0,1,0,0,110.9,111.3,111.6,111.1,Flex,50.085,False,4.0,136.0,109.1
11201,Blake Whiteheart,TE,FA,CLE,25,2023,0,0,0,20.3,15.4,15.7,26.3,Bench,18.026,True,,,
12528,Ajou Ajou,WR,FA,IND,23,0,1,0,0,0.0,0.0,0.0,0.0,Bench,44.413,False,,,
9221,Jahmyr Gibbs,RB,NevadaLou,DET,23,2023,0,0,1,328.0,292.5,292.7,244.2,A,40.482,False,1.0,12.0,
3163,Jared Goff,QB,boxerschwartz,DET,30,2016,0,0,1,438.6,417.4,398.7,402.0,B,36.594,False,,,
4039,Cooper Kupp,WR,sportzballz,SEA,32,2017,0,0,1,173.9,175.7,200.3,172.9,C,73.352,False,,,
7610,Trey Lance,QB,Bakari2,LAC,25,2021,0,0,1,28.1,38.7,38.4,39.9,Bench,35.857,True,,,
12483,Jack Bech,WR,FA,LV,22,0,1,0,0,110.9,111.3,111.6,111.5,Flex,50.085,False,2.0,58.0,107.5
12800,Oscar Cardenas,TE,FA,ARI,23,0,1,0,0,0.0,0.0,0.0,0.0,Bench,17.697,False,,,
7568,Brevin Jordan,TE,FA,HOU,24,2021,0,0,0,9.2,24.3,27.3,25.0,Bench,17.131,False,,,
5985,Foster Moreau,TE,FA,NO,28,2019,0,0,0,83.8,68.8,67.4,26.3,Bench,23.525,True,,,
12953,Jalen White,RB,FA,GB,23,0,1,0,0,0.0,0.0,0.0,0.0,Bench,40.482,True,,,
7989,DJ Turner,WR,FA,FA,28,2021,0,0,0,45.1,27.1,27.5,35.1,Bench,60.344,True,2.0,60.0,
10234,Derius Davis,WR,FA,LAC,24,2023,0,0,0,39.5,37.4,38.2,34.3,Bench,42.834,True,4.0,125.0,
7531,Feleipe Franks,TE,FA,ATL,27,2021,0,0,0,9.5,8.8,8.9,26.2,Bench,21.036,True,,,
8148,Jameson Williams,WR,Haxen2000,DET,24,2022,0,0,1,165.9,104.5,106.6,34.3,Bench,42.834,True,1.0,12.0,
10444,Cedric Tillman,WR,ShrynoRyno,CLE,25,2023,0,0,1,69.3,59.7,60.9,34.2,Bench,45.305,True,3.0,74.0,
7090,Darnell Mooney,WR,sportzballz,ATL,27,2020,0,0,1,177.2,137.9,149.5,114.2,Flex,53.362,True,,,
4217,George Kittle,TE,MLeitheiser,SF,31,2017,0,0,1,232.5,219.1,211.8,223.3,A,27.811,False,,,
12480,Moliki Matavao,TE,FA,NO,22,0,1,0,0,93.2,95.0,96.2,93.2,Flex,25.402,False,7.0,248.0,93.9
7529,Gary Brightwell,RB,FA,CIN,27,2021,0,0,0,8.2,15.9,15.3,26.3,Bench,42.505,True,,,
2306,Jameis Winston,QB,sportzballz,NYG,31,2015,0,0,1,143.5,84.3,82.4,33.4,Bench,39.707,False,,,
1479,Keenan Allen,WR,NevadaLou,FA,33,2013,0,0,1,187.2,205.9,211.6,189.5,B,67.694,False,,,
3258,Nick Vannett,TE,FA,FA,32,2016,0,0,0,41.5,21.0,21.5,18.9,Bench,24.365,False,,,
4381,Taysom Hill,TE,FA,NO,34,2017,0,0,0,123.9,141.5,145.8,171.7,B,13.129,False,,,
12477,Kurtis Rourke,QB,FA,SF,24,0,1,0,0,229.6,228.1,227.1,229.6,Flex,31.729,False,7.0,227.0,231.7
11595,Jared Wiley,TE,FA,KC,24,2024,0,1,0,8.5,8.6,8.6,25.0,Bench,17.131,False,4.0,131.0,
12531,Trevor Etienne,RB,FA,CAR,20,0,1,0,0,101.2,102.1,102.8,101.6,Flex,85.2,False,4.0,114.0,103.2
6963,Patrick Taylor,RB,FA,SF,27,2020,0,0,0,30.1,26.7,26.3,26.3,Bench,42.505,True,,,
12973,DJ Thomas-Jones,TE,FA,PIT,22,0,1,0,0,0.0,0.0,0.0,0.0,Bench,25.402,False,,,
12539,Arian Smith,WR,FA,NYJ,23,0,1,0,0,111.4,111.7,111.7,111.6,Flex,44.413,False,4.0,110.0,108.6
7357,Dan Chisena,WR,FA,CAR,28,2020,0,0,0,15.5,13.1,12.8,35.1,Bench,60.344,True,,,
7087,Jonathan Ward,RB,FA,PIT,27,2020,0,0,0,9.8,10.0,11.2,26.3,Bench,42.505,True,,,
8183,Brock Purdy,QB,boxerschwartz,SF,25,2022,0,0,1,352.1,331.5,330.9,332.3,C,35.857,False,7.0,262.0,
1234,Russell Wilson,QB,Haxen2000,NYG,36,2012,0,0,1,265.1,303.2,320.8,348.3,C,24.873,False,,,
12541,Dont'e Thornton,WR,FA,LV,22,0,1,0,0,110.9,111.3,111.6,111.1,Flex,50.085,False,4.0,108.0,108.6
12732,Dominic Lovett,WR,FA,DET,22,0,1,0,0,110.9,111.3,111.6,110.9,Flex,50.085,False,7.0,244.0,111.4
7891,Brock Wright,TE,FA,DET,26,2021,0,0,0,33.5,37.6,38.0,26.3,Bench,20.453,True,,,
11593,Brevyn Spann-Ford,TE,FA,DAL,25,2024,0,1,0,20.8,21.5,21.9,26.3,Bench,18.026,True,,,
12512,Quinshon Judkins,RB,FA,CLE,21,0,1,0,0,102.1,102.9,103.5,103.2,Flex,52.734,False,2.0,36.0,103.6
1476,Latavius Murray,RB,FA,FA,35,2013,0,0,0,88.6,108.1,113.1,100.8,Flex,76.05,False,,,
12634,Jordan Watkins,WR,FA,SF,23,0,1,0,0,111.4,111.7,111.7,111.6,Flex,44.413,False,4.0,138.0,109.2
1352,Robert Woods,WR,FA,PIT,33,2013,0,0,0,36.4,60.1,76.0,29.2,Bench,67.694,False,,,
6144,Trayveon Williams,RB,FA,NE,27,2019,0,0,0,8.2,11.2,12.2,19.7,Bench,42.505,True,,,
8181,Connor Heyward,TE,FA,PIT,26,2022,0,0,0,19.6,29.5,30.0,26.3,Bench,20.453,True,6.0,208.0,
4335,P.J. Walker,QB,FA,FA,30,2017,0,0,0,36.1,40.2,38.6,34.8,Bench,36.594,True,,,
10236,Dalton Kincaid,TE,Haxen2000,BUF,25,2023,0,0,1,104.9,124.1,126.5,101.5,Flex,18.026,True,1.0,25.0,
12062,Cam Grandy,TE,FA,CIN,25,2024,0,1,0,13.5,13.9,14.2,26.3,Bench,18.026,True,,,
12462,Damien Martinez,RB,FA,SEA,21,0,1,0,0,102.1,102.9,103.5,102.5,Flex,52.734,False,7.0,223.0,102.7
7547,Amon-Ra St. Brown,WR,nilmaven,DET,25,2021,0,0,1,320.4,315.7,307.1,306.6,A,45.305,False,,,
11900,Jacob Kibodi,RB,FA,FA,26,2024,0,1,0,12.4,12.2,12.2,29.6,Bench,33.964,True,,,
8413,Chris Oladokun,QB,FA,KC,27,2022,0,0,0,14.2,13.6,13.1,43.0,Bench,36.679,True,7.0,241.0,
12834,Jimmy Bell,TE,FA,LAC,24,0,1,0,0,0.0,0.0,0.0,0.0,Bench,17.131,False,,,
7009,Trishton Jackson,WR,FA,ARI,27,2020,0,0,0,10.5,12.4,12.6,35.0,Bench,53.362,True,,,
12773,DJ Uiagalelei,QB,FA,LAC,24,0,1,0,0,0.0,0.0,0.0,0.0,Bench,31.729,False,,,
12718,Konata Mumpfield,WR,FA,LAR,22,0,1,0,0,110.9,111.3,111.6,110.9,Flex,50.085,False,7.0,242.0,111.3
9481,Luke Musgrave,TE,FA,GB,24,2023,0,0,0,15.4,34.5,34.6,25.0,Bench,17.131,False,2.0,42.0,
8129,Dameon Pierce,RB,FA,HOU,25,2022,0,0,0,64.9,95.9,97.7,109.4,Flex,38.678,True,4.0,107.0,
11581,MarShawn Lloyd,RB,Bakari2,GB,24,2024,0,1,1,12.6,12.0,11.5,28.8,Bench,37.144,True,3.0,88.0,
5032,Jordan Akins,TE,FA,FA,33,2018,0,0,0,71.2,60.5,58.1,24.9,Bench,20.187,False,,,
4080,Zay Jones,WR,FA,ARI,30,2017,0,0,0,21.5,64.1,63.9,30.3,Bench,62.793,False,,,
4147,Samaje Perine,RB,FA,CIN,29,2017,0,0,0,88.5,107.2,102.3,103.0,Flex,45.609,False,,,
12538,Brady Cook,QB,FA,NYJ,23,0,1,0,0,0.0,0.0,0.0,0.0,Bench,51.128,False,,,
7720,Kene Nwangwu,RB,FA,NYJ,27,2021,0,0,0,8.2,9.4,10.5,26.3,Bench,42.505,True,,,
6973,J.J. Taylor,RB,FA,HOU,27,2020,0,0,0,12.9,14.0,14.7,26.3,Bench,42.505,True,,,
12536,Jaylin Noel,WR,FA,HOU,22,0,1,0,0,110.9,111.3,111.6,111.5,Flex,50.085,False,3.0,79.0,108.0
10223,Eric Gray,RB,FA,NYG,25,2023,0,0,0,22.3,20.8,20.7,28.8,Bench,38.678,True,5.0,172.0,
7597,Kenny Yeboah,TE,FA,DET,26,2021,0,0,0,19.3,14.5,14.5,26.3,Bench,20.453,True,,,
12492,Pat Bryant,WR,FA,DEN,22,0,1,0,0,110.9,111.3,111.6,111.5,Flex,50.085,False,3.0,74.0,107.9
6826,Cole Kmet,TE,jrroblestn,CHI,26,2020,0,0,1,123.3,141.5,134.2,133.4,C,20.453,False,,,
12526,Tetairoa McMillan,WR,FA,CAR,22,0,1,0,0,110.9,111.3,111.6,111.6,Flex,50.085,False,1.0,8.0,106.5
13225,Sam Brown,WR,FA,GB,22,0,1,0,0,0.0,0.0,0.0,0.0,Bench,50.085,False,,,
5199,Byron Pringle,WR,FA,FA,31,2018,0,0,0,29.6,46.5,43.8,30.0,Bench,70.867,False,,,
12818,Elijah Young,RB,FA,KC,23,0,1,0,0,0.0,0.0,0.0,0.0,Bench,40.482,True,,,
11210,Malik Heath,WR,FA,GB,25,2023,0,0,0,33.5,35.2,35.9,34.2,Bench,45.305,True,,,
111,Marcedes Lewis,TE,FA,FA,41,2006,0,0,0,0.8,6.4,10.3,0.0,Bench,0.0,False,,,
13003,Tru Edwards,WR,FA,LAR,24,0,1,0,0,0.0,0.0,0.0,0.0,Bench,42.834,True,,,
13121,Ben Yurosek,TE,FA,MIN,23,0,1,0,0,0.0,0.0,0.0,0.0,Bench,17.697,False,,,
7551,Deon Jackson,RB,FA,FA,26,2021,0,0,0,11.7,32.7,33.0,29.6,Bench,33.964,True,,,
11563,Bo Nix,QB,NevadaLou,DEN,25,2024,0,1,1,415.8,415.8,415.9,396.8,B,35.857,False,1.0,12.0,
2449,Stefon Diggs,WR,sportzballz,NE,31,2015,0,0,1,143.6,208.9,221.4,190.8,B,70.867,False,,,
7567,Kenneth Gainwell,RB,FA,PIT,26,2021,0,0,0,54.8,68.9,74.4,29.6,Bench,33.964,True,,,
7543,Travis Etienne,RB,sportzballz,JAX,26,2021,0,0,1,154.7,201.7,201.2,202.9,B,33.964,False,,,
6001,Drew Sample,TE,FA,CIN,29,2019,0,0,0,34.7,28.4,30.4,19.8,Bench,22.675,True,,,
7757,Ben Skowronek,WR,FA,PIT,27,2021,0,0,0,19.2,34.4,34.3,33.5,Bench,53.362,True,,,
8583,Stone Smartt,TE,FA,NYJ,26,2022,0,0,0,33.4,28.9,29.5,26.3,Bench,20.453,True,,,
6824,Donovan Peoples-Jones,WR,FA,NO,26,2020,0,0,0,31.3,79.4,77.5,33.9,Bench,50.256,True,,,
12984,CJ Dippre,TE,FA,NE,23,0,1,0,0,0.0,0.0,0.0,0.0,Bench,17.697,False,,,
9508,Tyjae Spears,RB,samreilly,TEN,24,2023,0,0,1,116.3,132.8,135.3,109.7,Flex,37.144,True,3.0,81.0,
11570,Rasheen Ali,RB,FA,BAL,24,2024,0,1,0,12.8,12.2,11.8,28.8,Bench,37.144,True,5.0,165.0,
12534,Kyle Monangai,RB,FA,CHI,23,0,1,0,0,108.8,112.5,115.0,103.6,Flex,40.482,True,7.0,233.0,102.7
8195,Ronnie Rivers,RB,FA,LAR,26,2022,0,0,0,22.2,21.4,21.5,29.6,Bench,33.964,True,,,
4218,Trent Taylor,WR,FA,SF,31,2017,0,0,0,11.4,10.0,10.9,24.5,Bench,70.867,False,,,
8849,Tanner Conner,TE,FA,MIA,27,2022,0,0,0,11.2,9.6,9.8,26.2,Bench,21.036,True,,,
8159,Desmond Ridder,QB,FA,FA,25,2022,0,0,0,40.0,95.5,96.2,39.9,Bench,35.857,True,3.0,74.0,
11631,Brian Thomas,WR,NevadaLou,JAX,22,2024,0,1,1,291.4,293.5,294.7,315.6,A,50.085,False,1.0,23.0,
5892,David Montgomery,RB,nilmaven,DET,28,2019,0,0,1,219.8,208.1,209.6,200.5,B,47.425,False,,,
11583,Jonathon Brooks,RB,samreilly,CAR,21,2024,0,1,1,19.2,17.7,16.6,31.0,Bench,52.734,False,2.0,46.0,
5127,Kyle Allen,QB,FA,DET,29,2018,0,0,0,12.7,14.0,17.3,28.5,Bench,30.581,True,,,
12497,Tory Horton,WR,FA,SEA,22,0,1,0,0,110.9,111.3,111.6,111.1,Flex,50.085,False,5.0,166.0,109.8
12469,Dylan Sampson,RB,FA,CLE,20,0,1,0,0,101.2,102.1,102.8,101.6,Flex,85.2,False,4.0,126.0,103.2
5285,Ross Dwelley,TE,FA,SF,30,2018,0,0,0,9.0,10.6,14.1,19.8,Bench,24.587,True,,,
12933,Caden Prieskorn,TE,FA,FA,25,0,1,0,0,0.0,0.0,0.0,0.0,Bench,18.026,True,,,
4274,David Moore,WR,FA,CAR,30,2017,0,0,0,69.6,41.2,48.3,30.3,Bench,62.793,False,,,
6845,Zack Moss,RB,FA,CIN,27,2020,0,0,0,93.3,115.2,116.7,108.6,Flex,42.505,True,,,
5046,Royce Freeman,RB,FA,FA,29,2018,0,0,0,39.6,26.8,32.9,18.4,Bench,45.609,False,,,
7075,Charlie Woerner,TE,FA,ATL,27,2020,0,0,0,16.4,13.6,14.1,26.2,Bench,21.036,True,,,
12502,Gunnar Helm,TE,FA,TEN,22,0,1,0,0,93.2,95.0,96.2,94.1,Flex,25.402,False,4.0,120.0,94.6
7571,Rashod Bateman,WR,nilmaven,BAL,25,2021,0,0,1,138.5,97.6,98.3,34.2,Bench,45.305,True,,,
8783,Kendric Pryor,WR,FA,CIN,27,2022,0,0,0,11.9,12.3,12.5,35.0,Bench,53.362,True,,,
4854,River Cracraft,WR,FA,FA,30,2017,0,0,0,19.5,21.5,19.2,24.8,Bench,62.793,False,,,
11590,Jase McClellan,RB,FA,ATL,22,2024,0,1,0,14.7,13.4,12.4,29.1,Bench,41.564,False,6.0,186.0,
11615,Ainias Smith,WR,FA,PHI,24,2024,0,1,0,23.0,23.8,24.4,34.3,Bench,42.834,True,5.0,152.0,
11306,Xavier Gipson,WR,FA,NYJ,24,2023,0,0,0,20.6,33.8,34.5,34.3,Bench,42.834,True,,,
5927,Terry McLaurin,WR,sportzballz,WAS,29,2019,0,0,1,257.3,236.0,232.7,227.5,B,52.594,False,,,
4199,Aaron Jones,RB,NevadaLou,MIN,30,2017,0,0,1,217.5,193.1,197.8,158.3,C,48.916,False,,,
4950,Christian Kirk,WR,ShrynoRyno,HOU,28,2018,0,0,1,92.6,143.9,154.1,134.1,Flex,60.344,True,,,
12472,Raheim Sanders,RB,FA,LAC,23,0,1,0,0,0.0,0.0,0.0,0.0,Bench,40.482,True,,,
12865,AJ Henning,WR,FA,MIA,23,0,1,0,0,0.0,0.0,0.0,0.0,Bench,44.413,False,,,
11646,Jalen Coker,WR,samreilly,CAR,23,2024,0,1,1,74.2,74.4,74.6,32.7,Bench,44.413,False,,,
4454,Kendrick Bourne,WR,FA,NE,29,2017,0,0,0,55.6,67.3,78.8,30.6,Bench,52.594,False,,,
12498,Mason Taylor,TE,FA,NYJ,21,0,1,0,0,91.0,93.1,94.7,94.0,Flex,40.975,False,2.0,42.0,95.1
12481,Cam Skattebo,RB,FA,NYG,23,0,1,0,0,108.8,112.5,115.0,103.9,Flex,40.482,True,4.0,105.0,103.3
10218,Xavier Hutchinson,WR,FA,HOU,25,2023,0,0,0,27.6,28.0,28.6,34.2,Bench,45.305,True,6.0,205.0,
6931,DeeJay Dallas,RB,FA,ARI,26,2020,0,0,0,19.8,23.5,30.0,29.6,Bench,33.964,True,,,
11623,Jordan Whittington,WR,ShrynoRyno,LAR,24,2024,0,1,1,48.6,50.2,51.2,34.3,Bench,42.834,True,6.0,213.0,
2549,Trevor Siemian,QB,FA,FA,33,2015,0,0,0,39.1,45.8,49.6,33.4,Bench,30.161,False,,,
4995,Ian Thomas,TE,FA,LV,29,2018,0,0,0,10.6,16.1,19.7,19.8,Bench,22.675,True,,,
9225,Tank Bigsby,RB,nilmaven,JAX,22,2023,0,0,1,102.7,69.6,68.6,29.1,Bench,41.564,False,3.0,88.0,
4018,Joe Mixon,RB,nilmaven,HOU,28,2017,0,0,1,231.5,236.9,230.1,200.5,B,47.425,False,,,
2319,DeVante Parker,WR,FA,FA,32,2015,0,0,0,60.5,72.3,88.2,29.6,Bench,73.352,False,,,
11603,AJ Barner,TE,FA,SEA,23,2024,0,1,0,62.2,62.3,62.3,24.9,Bench,17.697,False,4.0,121.0,
9757,Kendre Miller,RB,jrroblestn,NO,23,2023,0,0,1,33.1,37.5,37.3,29.3,Bench,40.482,True,3.0,71.0,
7611,Rhamondre Stevenson,RB,MLeitheiser,NE,27,2021,0,0,1,172.8,176.7,170.0,160.8,C,42.505,False,,,
12547,Kyle Williams,WR,FA,NE,22,0,1,0,0,26.9,37.5,34.1,32.5,Bench,50.085,False,3.0,69.0,107.8
4197,Isaiah McKenzie,WR,FA,FA,30,2017,0,0,0,21.6,51.2,54.5,30.3,Bench,62.793,False,,,
5890,Damien Harris,RB,FA,FA,28,2019,0,0,0,44.9,91.3,86.6,103.2,Flex,47.425,False,,,
8150,Kyren Williams,RB,MLeitheiser,LAR,24,2022,0,0,1,241.9,203.8,207.5,139.6,Flex,37.144,True,5.0,164.0,
8121,Romeo Doubs,WR,MLeitheiser,GB,25,2022,0,0,1,137.8,147.2,149.8,134.5,Flex,45.305,True,4.0,132.0,
8123,Hassan Haskins,RB,FA,LAC,25,2022,0,0,0,33.6,31.7,31.8,28.8,Bench,38.678,True,4.0,131.0,
3161,Carson Wentz,QB,FA,FA,32,2016,0,0,0,14.0,44.2,84.0,33.3,Bench,43.824,False,,,
12705,Graham Mertz,QB,FA,HOU,24,0,1,0,0,229.6,228.1,227.1,228.8,Flex,31.729,False,6.0,197.0,231.2
7600,Pat Freiermuth,TE,nilmaven,PIT,26,2021,0,0,1,156.8,132.2,134.0,133.4,C,20.453,False,,,
11199,Emari Demercado,RB,FA,ARI,26,2023,0,0,0,49.0,55.9,56.7,29.6,Bench,33.964,True,,,
11645,Javon Baker,WR,FA,NE,23,2024,0,1,0,10.8,11.0,11.2,32.7,Bench,44.413,False,4.0,110.0,
12860,Theo Wease,WR,FA,MIA,23,0,1,0,0,0.0,0.0,0.0,0.0,Bench,44.413,False,,,
12688,Cam Miller,QB,FA,LV,23,0,1,0,0,231.6,229.7,228.4,230.6,Flex,51.128,False,6.0,215.0,231.5
12486,Dillon Gabriel,QB,FA,CLE,24,0,1,0,0,229.6,228.1,227.1,227.5,Flex,31.729,False,3.0,94.0,229.3
10212,Josh Whyle,TE,FA,TEN,25,2023,0,0,0,52.4,42.2,43.0,26.3,Bench,18.026,True,5.0,147.0,
8161,Malik Willis,QB,FA,GB,26,2022,0,0,0,61.4,40.7,40.5,38.1,Bench,37.266,True,3.0,86.0,
4951,DJ Chark,WR,FA,FA,28,2018,0,0,0,20.2,60.8,64.8,32.9,Bench,60.344,True,,,
11729,Sione Vaki,RB,FA,DET,23,2024,0,1,0,17.6,17.0,16.4,29.3,Bench,40.482,True,4.0,132.0,
8228,Jaylen Warren,RB,Haxen2000,PIT,26,2022,0,0,1,124.3,140.9,143.5,109.1,Flex,33.964,True,,,
11562,Spencer Rattler,QB,FA,NO,24,2024,0,1,0,82.0,80.8,79.7,40.2,Bench,31.729,False,5.0,150.0,
8230,Ty Chandler,RB,FA,MIN,27,2022,0,0,0,29.1,43.4,44.2,29.6,Bench,42.505,True,5.0,169.0,
5089,Mike White,QB,FA,BUF,30,2018,0,0,0,12.4,22.3,27.0,27.1,Bench,36.594,True,,,
6136,Jarrett Stidham,QB,FA,DEN,28,2019,0,0,0,13.2,27.1,25.3,30.2,Bench,40.053,True,,,
12494,Kyle McCord,QB,FA,PHI,22,0,1,0,0,234.0,231.7,230.0,232.8,Flex,37.123,False,6.0,181.0,230.9
11626,Xavier Legette,WR,Bakari2,CAR,24,2024,0,1,1,127.1,130.8,133.2,115.5,Flex,42.834,True,1.0,32.0,
11582,Carson Steele,RB,FA,KC,22,2024,0,1,0,29.2,27.9,26.9,29.1,Bench,41.564,False,,,
11637,Keon Coleman,WR,nilmaven,BUF,22,2024,0,1,1,117.2,117.1,117.0,128.8,Flex,50.085,False,2.0,33.0,
12817,Jake Briningstool,TE,FA,KC,22,0,1,0,0,0.0,0.0,0.0,0.0,Bench,25.402,False,,,
5857,Noah Fant,TE,NevadaLou,SEA,27,2019,0,0,1,107.6,106.1,117.2,99.1,Flex,21.036,True,,,
12725,Luke Lachey,TE,FA,HOU,23,0,1,0,0,95.1,96.5,97.4,95.1,Flex,17.697,False,7.0,255.0,93.8
12500,Quinn Ewers,QB,FA,MIA,22,0,1,0,0,234.0,231.7,230.0,234.0,Flex,37.123,False,7.0,231.0,231.8
5154,Trent Sherfield,WR,FA,DEN,29,2018,0,0,0,25.7,35.9,33.0,30.6,Bench,52.594,False,,,
9224,Chase Brown,RB,Bakari2,CIN,25,2023,0,0,1,229.2,170.4,173.5,139.9,Flex,38.678,True,5.0,163.0,
12520,Xavier Restrepo,WR,FA,TEN,23,0,1,0,0,0.0,0.0,0.0,0.0,Bench,44.413,False,,,
8204,Bo Melton,WR,FA,GB,26,2022,0,0,0,26.9,35.3,36.0,33.9,Bench,50.256,True,7.0,229.0,
12521,Elijah Arroyo,TE,FA,SEA,22,0,1,0,0,93.2,95.0,96.2,95.7,Flex,25.402,False,2.0,50.0,95.0
12479,Ja'Quinden Jackson,RB,FA,JAX,23,0,1,0,0,0.0,0.0,0.0,0.0,Bench,40.482,True,,,
5012,Mark Andrews,TE,Bakari2,BAL,29,2018,0,0,1,182.7,170.7,181.9,170.2,B,22.675,False,,,
12484,Jayden Higgins,WR,FA,HOU,22,0,1,0,0,110.9,111.3,111.6,111.5,Flex,50.085,False,2.0,34.0,107.0
7595,Tylan Wallace,WR,FA,BAL,26,2021,0,0,0,37.0,24.7,23.7,33.9,Bench,50.256,True,,,
6074,Donald Parham,TE,FA,PIT,27,2019,0,0,0,66.3,52.0,51.5,26.3,Bench,21.036,True,,,
3202,Austin Hooper,TE,FA,NE,30,2016,0,0,0,87.7,73.2,77.0,26.2,Bench,24.587,True,,,
6794,Justin Jefferson,WR,samreilly,MIN,26,2020,0,0,1,302.4,283.3,285.7,266.9,A,50.256,False,,,
11377,Tyrell Shavers,WR,FA,BUF,25,2023,0,0,0,20.4,21.1,21.6,34.2,Bench,45.305,True,,,
1067,Marvin Jones,WR,FA,FA,35,2012,0,0,0,13.7,66.2,85.2,28.1,Bench,64.685,False,,,
2381,Chris Conley,WR,FA,FA,32,2015,0,0,0,19.3,14.9,23.0,24.0,Bench,73.352,False,,,
11600,Ja'Tavion Sanders,TE,Bakari2,CAR,22,2024,0,1,1,58.5,58.5,58.6,24.8,Bench,25.402,False,4.0,101.0,
5980,Myles Gaskin,RB,FA,FA,28,2019,0,0,0,8.8,8.0,29.0,18.3,Bench,47.425,False,,,
9230,Tanner McKee,QB,FA,PHI,25,2023,0,0,0,45.5,45.6,45.4,39.9,Bench,35.857,True,6.0,188.0,
5008,Durham Smythe,TE,FA,CHI,29,2018,0,0,0,18.4,37.7,42.7,26.3,Bench,22.675,True,,,
9754,Quentin Johnston,WR,jrroblestn,LAC,23,2023,0,0,1,161.3,137.0,136.9,128.6,Flex,44.413,False,1.0,21.0,
6453,D.J. Montgomery,WR,FA,IND,28,2019,0,0,0,21.3,16.4,16.6,26.3,Bench,60.344,True,,,
5235,David Wells,TE,FA,FA,30,2018,0,0,0,8.6,7.3,7.4,19.8,Bench,24.587,True,,,
6894,Mitchell Wilcox,TE,FA,FA,28,2020,0,0,0,7.9,18.0,17.5,26.3,Bench,23.525,True,,,
11625,Adonai Mitchell,WR,Haxen2000,IND,22,2024,0,1,1,46.8,47.0,47.3,32.5,Bench,50.085,False,2.0,52.0,
6938,Cam Akers,RB,sportzballz,FA,25,2020,0,0,1,101.5,100.8,95.7,109.4,Flex,38.678,True,,,
4198,Jamal Agnew,WR,FA,ATL,30,2017,0,0,0,38.2,49.7,46.4,30.3,Bench,62.793,False,,,
12471,DJ Giddens,RB,FA,IND,21,0,1,0,0,102.1,102.9,103.5,102.5,Flex,52.734,False,5.0,151.0,103.1
12467,Jordan James,RB,FA,SF,21,0,1,0,0,102.1,102.9,103.5,102.5,Flex,52.734,False,5.0,147.0,103.1
8114,Erik Ezukanma,WR,FA,MIA,25,2022,0,0,0,10.2,11.4,11.7,34.2,Bench,45.305,True,4.0,125.0,
8144,Chris Olave,WR,jrroblestn,NO,24,2022,0,0,1,98.7,153.6,153.6,151.0,C,42.834,False,1.0,11.0,
4984,Josh Allen,QB,Haxen2000,BUF,29,2018,0,0,1,473.7,487.8,492.2,463.4,A,30.581,False,,,
11053,Antoine Green,WR,FA,FA,25,2023,0,0,0,11.1,11.5,11.8,34.2,Bench,45.305,True,7.0,219.0,
12938,Jackson Meeks,WR,FA,DET,22,0,1,0,0,0.0,0.0,0.0,0.0,Bench,50.085,False,,,
947,Julio Jones,WR,FA,FA,36,2011,0,0,0,34.3,48.7,69.4,27.5,Bench,108.189,False,,,
9500,Josh Downs,WR,boxerschwartz,IND,23,2023,0,0,1,173.5,165.5,165.5,150.7,C,44.413,False,3.0,79.0,
11762,Anthony Gould,WR,FA,IND,24,2024,0,1,0,12.4,13.0,13.3,34.3,Bench,42.834,True,5.0,142.0,
7602,Kylen Granson,TE,FA,PHI,27,2021,0,0,0,31.5,47.6,45.3,26.3,Bench,21.036,True,,,
12516,Kalel Mullings,RB,FA,TEN,22,0,1,0,0,102.9,103.6,104.1,103.3,Flex,41.564,False,6.0,188.0,102.9
12357,David Martin-Robinson,TE,FA,TEN,25,2024,0,1,0,8.9,9.2,9.4,26.3,Bench,18.026,True,,,
5010,Will Dissly,TE,FA,LAC,28,2018,0,0,0,88.8,69.8,66.8,26.3,Bench,23.525,True,,,
6039,Ty Johnson,RB,FA,BUF,27,2019,0,0,0,75.6,54.3,60.7,29.6,Bench,42.505,True,,,
6803,Brandon Aiyuk,WR,ShrynoRyno,SF,27,2020,0,0,1,88.7,158.1,160.4,152.2,C,53.362,False,,,
12544,LeQuint Allen,RB,FA,JAX,20,0,1,0,0,101.2,102.1,102.8,101.2,Flex,85.2,False,7.0,236.0,102.7
9997,Zay Flowers,WR,ShrynoRyno,BAL,24,2023,0,0,1,206.8,205.6,205.4,195.8,B,42.834,False,1.0,22.0,
6032,Keelan Doss,WR,FA,FA,29,2019,0,0,0,16.6,16.7,16.6,33.3,Bench,52.594,False,,,
8172,Greg Dulcich,TE,FA,NYG,25,2022,0,0,0,13.5,26.5,27.0,26.3,Bench,18.026,True,3.0,80.0,
9222,Zach Evans,RB,FA,NYJ,24,2023,0,0,0,11.9,11.3,10.9,28.8,Bench,37.144,True,6.0,215.0,
12506,Harold Fannin,TE,FA,CLE,20,0,1,0,0,88.4,90.9,92.9,91.9,Flex,0.0,False,3.0,67.0,94.9
11421,Ryan Miller,WR,FA,TB,25,2023,0,0,0,37.2,26.5,27.1,34.2,Bench,45.305,True,,,
7050,Josiah Deguara,TE,FA,ARI,28,2020,0,0,0,11.1,17.3,21.7,26.3,Bench,23.525,True,,,
4144,Jonnu Smith,TE,boxerschwartz,MIA,29,2017,0,0,1,194.6,146.6,140.1,100.0,Flex,22.675,True,,,
8126,Wan'Dale Robinson,WR,sportzballz,NYG,24,2022,0,0,1,144.3,114.1,116.3,34.3,Bench,42.834,True,2.0,43.0,
8249,Lucas Krull,TE,FA,DEN,26,2022,0,0,0,32.9,25.5,26.0,26.3,Bench,20.453,True,,,
11168,Xavier Smith,WR,FA,LAR,27,2023,0,0,0,15.0,15.5,15.8,33.5,Bench,53.362,True,,,
6853,Van Jefferson,WR,FA,TEN,28,2020,0,0,0,57.3,55.9,66.2,32.9,Bench,60.344,True,,,
6239,Malik Taylor,WR,FA,DET,29,2019,0,0,0,12.4,12.1,12.0,25.0,Bench,52.594,False,,,
8235,Samori Toure,WR,FA,CHI,27,2022,0,0,0,22.1,23.9,24.3,35.0,Bench,53.362,True,7.0,258.0,
8168,Skyy Moore,WR,Bakari2,KC,24,2022,0,0,1,10.0,31.3,32.0,34.3,Bench,42.834,True,2.0,54.0,
2446,MyCole Pruitt,TE,FA,FA,33,2015,0,0,0,18.7,23.1,24.2,18.8,Bench,20.187,False,,,
5045,Courtland Sutton,WR,jrroblestn,DEN,29,2018,0,0,1,228.6,203.1,185.9,192.0,B,52.594,False,,,
9497,Jalin Hyatt,WR,FA,NYG,23,2023,0,0,0,19.2,33.3,33.4,32.7,Bench,44.413,False,3.0,73.0,
9492,Trey Palmer,WR,FA,TB,24,2023,0,0,0,35.9,56.7,57.9,34.3,Bench,42.834,True,6.0,191.0,
6665,Jody Fortson,TE,FA,FA,29,2019,0,0,0,9.0,16.8,17.1,19.8,Bench,22.675,True,,,
8122,Zonovan Knight,RB,FA,NYJ,24,2022,0,0,0,12.8,30.3,30.2,28.8,Bench,37.144,True,,,
7594,Chuba Hubbard,RB,sportzballz,CAR,26,2021,0,0,1,219.0,181.0,175.9,161.5,C,33.964,False,,,
11834,Devaughn Vele,WR,NevadaLou,DEN,27,2024,0,1,1,88.7,91.3,93.0,33.5,Bench,53.362,True,7.0,235.0,
6850,Harrison Bryant,TE,FA,PHI,27,2020,0,0,0,20.8,33.9,39.1,26.3,Bench,21.036,True,,,
5096,Ray-Ray McCloud,WR,NevadaLou,ATL,28,2018,0,0,1,113.8,75.0,71.0,32.9,Bench,60.344,True,,,
4098,Kareem Hunt,RB,FA,KC,29,2017,0,0,0,148.5,135.5,138.4,133.8,Flex,45.609,False,,,
8127,Charlie Kolar,TE,FA,BAL,26,2022,0,0,0,28.6,24.5,25.0,26.3,Bench,20.453,True,4.0,128.0,
12883,Joshua Simon,TE,FA,ATL,24,0,1,0,0,0.0,0.0,0.0,0.0,Bench,17.131,False,,,
3200,Sterling Shepard,WR,FA,TB,32,2016,0,0,0,66.0,44.7,53.7,29.6,Bench,73.352,False,,,
4089,Gerald Everett,TE,FA,FA,30,2017,0,0,0,16.4,63.5,70.2,26.2,Bench,24.587,True,,,
4718,Dare Ogunbowale,RB,FA,HOU,31,2017,0,0,0,46.7,34.7,35.9,30.4,Bench,47.257,False,,,
7559,Ihmir Smith-Marsette,WR,FA,NYG,25,2021,0,0,0,10.2,17.4,19.8,34.2,Bench,45.305,True,,,
11748,Bub Means,WR,FA,NO,24,2024,0,1,0,29.7,30.7,31.4,34.3,Bench,42.834,True,5.0,170.0,
12412,Terrell Jennings,RB,FA,NE,24,2024,0,1,0,12.9,12.4,11.9,28.8,Bench,37.144,True,,,
8200,Kevin Austin,WR,FA,NO,25,2022,0,0,0,30.0,31.0,31.7,34.2,Bench,45.305,True,,,
7528,Najee Harris,RB,Bakari2,LAC,27,2021,0,0,1,206.7,207.1,215.3,201.9,B,42.505,False,,,
8255,Raheem Blackshear,RB,FA,CAR,27,2022,0,0,0,14.1,22.3,22.7,26.3,Bench,42.505,True,,,
9482,Michael Mayer,TE,Bakari2,LV,23,2023,0,0,1,32.9,43.4,43.4,24.9,Bench,17.697,False,2.0,35.0,
12803,Luke Grimm,WR,FA,LAC,23,0,1,0,0,0.0,0.0,0.0,0.0,Bench,44.413,False,,,
10863,A.T. Perry,WR,FA,DEN,25,2023,0,0,0,54.7,56.4,57.6,34.2,Bench,45.305,True,6.0,195.0,
10235,Roschon Johnson,RB,jrroblestn,CHI,24,2023,0,0,1,67.4,76.4,77.1,28.8,Bench,37.144,True,4.0,115.0,
3155,Laquon Treadwell,WR,FA,IND,30,2016,0,0,0,10.0,10.3,17.0,24.8,Bench,62.793,False,,,
8162,Sam Howell,QB,FA,MIN,24,2022,0,0,0,16.9,103.1,102.0,40.2,Bench,31.729,False,5.0,144.0,
11560,Caleb Williams,QB,jrroblestn,CHI,23,2024,0,1,1,339.4,338.2,337.2,334.7,C,51.128,False,1.0,1.0,
6012,Travis Homer,RB,FA,CHI,26,2019,0,0,0,13.5,15.2,19.9,22.2,Bench,33.964,True,,,
9490,Tyler Scott,WR,FA,CHI,23,2023,0,0,0,10.3,20.9,21.0,32.7,Bench,44.413,False,4.0,133.0,
6798,Jalen Reagor,WR,FA,LAC,26,2020,0,0,0,21.2,25.9,36.0,33.9,Bench,50.256,True,,,
8041,Shane Zylstra,TE,FA,DET,28,2021,0,0,0,10.2,20.6,21.0,26.3,Bench,23.525,True,,,
4035,Alvin Kamara,RB,sportzballz,NO,29,2017,0,0,1,248.3,231.5,237.9,198.8,B,45.609,False,,,
8756,Brandon Johnson,WR,FA,PIT,26,2022,0,0,0,11.8,32.3,32.9,33.9,Bench,50.256,True,,,
11569,Jarquez Hunter,RB,FA,LAR,22,0,1,0,0,102.9,103.6,104.1,103.3,Flex,41.564,False,4.0,117.0,103.2
11320,Nikko Remigio,WR,FA,KC,25,2023,0,0,0,15.2,15.8,16.1,34.2,Bench,45.305,True,,,
11716,Tip Reiman,TE,FA,ARI,23,2024,0,1,0,14.1,14.1,14.2,24.9,Bench,17.697,False,3.0,82.0,
6753,Derrick Gore,RB,FA,FA,30,2019,0,0,0,9.1,25.4,26.0,25.2,Bench,48.916,False,,,
11783,Ryan Flournoy,WR,FA,DAL,25,2024,0,1,0,23.6,24.4,24.9,34.2,Bench,45.305,True,6.0,216.0,
8140,Justyn Ross,WR,FA,KC,25,2022,0,0,0,10.2,14.3,14.6,34.2,Bench,45.305,True,,,
11024,Grant DuBose,WR,FA,FA,23,2023,0,0,0,33.4,33.5,33.5,110.5,Flex,44.413,False,,,
3362,Jeff Driskel,QB,FA,FA,32,2016,0,0,0,9.8,15.1,15.8,24.0,Bench,43.824,False,,,
10871,Luke Schoonmaker,TE,FA,DAL,26,2023,0,0,0,49.8,41.3,42.1,26.3,Bench,20.453,True,2.0,58.0,
13222,Montana Lemonious-Craig,WR,FA,PIT,22,0,1,0,0,0.0,0.0,0.0,0.0,Bench,50.085,False,,,
11435,Emanuel Wilson,RB,FA,GB,26,2023,0,0,0,79.3,54.8,55.5,29.6,Bench,33.964,True,,,
3257,Jacoby Brissett,QB,FA,ARI,32,2016,0,0,0,50.8,70.0,67.0,33.3,Bench,43.824,False,,,
9758,C.J. Stroud,QB,MLeitheiser,HOU,23,2023,0,0,1,321.0,337.3,336.3,334.7,C,51.128,False,1.0,2.0,
3199,Michael Thomas,WR,FA,FA,32,2016,0,0,0,72.7,62.5,102.7,29.6,Bench,73.352,False,,,
10231,Elijah Higgins,TE,FA,ARI,24,2023,0,0,0,41.8,38.0,38.0,25.0,Bench,17.131,False,6.0,197.0,
4972,Mason Rudolph,QB,FA,PIT,29,2018,0,0,0,113.5,75.5,76.1,35.0,Bench,30.581,True,,,
13153,Giles Jackson,WR,FA,PHI,23,0,1,0,0,0.0,0.0,0.0,0.0,Bench,44.413,False,,,
9227,Israel Abanikanda,RB,FA,SF,22,2023,0,0,0,23.8,22.6,21.6,29.1,Bench,41.564,False,5.0,143.0,
5970,Greg Dortch,WR,FA,ARI,27,2019,0,0,0,76.8,76.4,64.3,33.5,Bench,53.362,True,,,
12892,Da'Quan Felton,WR,FA,NYG,24,0,1,0,0,0.0,0.0,0.0,0.0,Bench,42.834,True,,,
11433,Nate Adkins,TE,FA,DEN,25,2023,0,0,0,39.7,28.8,29.4,26.3,Bench,18.026,True,,,
9502,Tank Dell,WR,nilmaven,HOU,25,2023,0,0,1,142.9,150.5,150.5,151.5,C,45.305,False,3.0,69.0,
2307,Marcus Mariota,QB,FA,WAS,31,2015,0,0,0,50.4,71.7,61.6,33.4,Bench,39.707,False,,,
3969,Leonard Fournette,RB,FA,FA,30,2017,0,0,0,80.0,125.3,132.7,102.8,Flex,48.916,False,,,
1466,Travis Kelce,TE,nilmaven,KC,35,2013,0,0,1,203.8,228.2,236.1,223.5,A,38.717,False,,,
11378,Jordan Mims,RB,FA,FA,26,2023,0,0,0,27.9,19.8,19.9,29.6,Bench,33.964,True,,,
6149,Darius Slayton,WR,sportzballz,NYG,28,2019,0,0,1,121.3,138.1,135.9,134.1,Flex,60.344,True,,,
8214,Cole Turner,TE,FA,WAS,25,2022,0,0,0,24.7,19.4,19.7,26.3,Bench,18.026,True,5.0,149.0,
4149,Jamaal Williams,RB,FA,FA,30,2017,0,0,0,57.4,92.2,97.3,102.8,Flex,48.916,False,,,
4017,Deshaun Watson,QB,nilmaven,CLE,29,2017,0,0,1,86.4,94.4,152.9,35.0,Bench,30.581,True,,,
4464,Nick Mullens,QB,FA,JAX,30,2017,0,0,0,12.6,40.2,47.5,34.8,Bench,36.594,True,,,
13011,Brennan Presley,WR,FA,LAR,23,0,1,0,0,0.0,0.0,0.0,0.0,Bench,44.413,False,,,
8139,Zamir White,RB,FA,LV,25,2022,0,0,0,31.1,38.7,39.0,28.8,Bench,38.678,True,4.0,122.0,
12510,Jalen Milroe,QB,FA,SEA,22,0,1,0,0,234.0,231.7,230.0,230.8,Flex,37.123,False,3.0,92.0,229.2
2505,Darren Waller,TE,FA,FA,32,2015,0,0,0,108.1,104.1,125.0,89.5,Flex,24.365,False,,,
2422,Blake Bell,TE,FA,FA,33,2015,0,0,0,15.7,13.9,14.7,18.8,Bench,20.187,False,,,
11963,Chris Collier,RB,FA,LV,25,2024,0,1,0,10.9,10.4,10.2,28.8,Bench,38.678,True,,,
1426,DeAndre Hopkins,WR,NevadaLou,BAL,33,2013,0,0,1,154.4,173.2,178.2,173.2,C,67.694,False,,,
11114,Elijah Dotson,RB,FA,ATL,26,2023,0,0,0,11.6,11.4,11.4,29.6,Bench,33.964,True,,,
11034,Jalen Brooks,WR,FA,DAL,25,2023,0,0,0,36.4,30.1,30.7,34.2,Bench,45.305,True,7.0,244.0,
6151,Miles Sanders,RB,FA,DAL,28,2019,0,0,0,85.7,109.7,113.7,103.2,Flex,47.425,False,,,
12670,KeAndre Lambert-Smith,WR,FA,LAC,23,0,1,0,0,111.4,111.7,111.7,111.6,Flex,44.413,False,5.0,158.0,109.6
7943,Zach Davidson,TE,FA,BUF,26,2021,0,0,0,8.9,9.2,9.4,26.3,Bench,20.453,True,,,
11256,Tyson Bagent,QB,FA,CHI,25,2023,0,0,0,16.0,39.2,38.9,39.9,Bench,35.857,True,,,
5086,Marquez Valdes-Scantling,WR,FA,SEA,30,2018,0,0,0,69.2,68.4,71.9,30.3,Bench,62.793,False,,,
11568,Blake Watson,RB,FA,DEN,25,2024,0,1,0,12.0,11.6,11.3,28.8,Bench,38.678,True,,,
12851,Rivaldo Fairweather,TE,FA,DAL,22,0,1,0,0,0.0,0.0,0.0,0.0,Bench,25.402,False,,,
13161,Zakhari Franklin,WR,FA,LV,24,0,1,0,0,0.0,0.0,0.0,0.0,Bench,42.834,True,,,
5850,Josh Jacobs,RB,Haxen2000,GB,27,2019,0,0,1,268.7,247.6,241.7,201.9,B,42.505,False,,,
9753,Zach Charbonnet,RB,MLeitheiser,SEA,24,2023,0,0,1,179.3,158.1,161.0,139.6,Flex,37.144,True,2.0,52.0,
5880,Parris Campbell,WR,FA,DAL,27,2019,0,0,0,21.5,48.6,45.4,33.5,Bench,53.362,True,,,
4314,Johnny Mundt,TE,FA,JAX,30,2017,0,0,0,41.1,40.0,34.7,26.2,Bench,24.587,True,,,
7527,Mac Jones,QB,FA,SF,26,2021,0,0,0,172.0,199.6,219.0,239.6,Flex,37.266,True,,,
9505,Deuce Vaughn,RB,FA,DAL,23,2023,0,0,0,20.3,20.8,20.3,29.3,Bench,40.482,True,6.0,212.0,
862,Blaine Gabbert,QB,FA,FA,35,2011,0,0,0,16.9,12.7,16.2,23.6,Bench,43.357,False,,,
2545,Geoff Swaim,TE,FA,FA,31,2015,0,0,0,8.7,13.9,18.6,18.9,Bench,27.811,False,,,
11604,Brock Bowers,TE,ShrynoRyno,LV,22,2024,0,1,1,251.5,251.3,251.2,223.8,A,25.402,False,1.0,13.0,
12826,Ulysses Bentley,RB,FA,IND,24,0,1,0,0,0.0,0.0,0.0,0.0,Bench,37.144,True,,,
11566,Jayden Daniels,QB,Bakari2,WAS,24,2024,0,1,1,459.9,458.4,457.2,466.1,A,31.729,False,1.0,2.0,
4319,Zach Pascal,WR,FA,NYG,30,2017,0,0,0,10.0,14.4,27.0,24.8,Bench,62.793,False,,,
9495,Rakim Jarrett,WR,FA,TB,24,2023,0,0,0,25.7,23.0,23.5,34.3,Bench,42.834,True,,,
2460,C.J. Uzomah,TE,FA,FA,32,2015,0,0,0,7.5,17.8,25.9,18.9,Bench,24.365,False,,,
12395,Tanner Knue,WR,FA,FA,25,0,1,0,0,0.0,0.0,0.0,0.0,Bench,45.305,True,,,
5001,Dalton Schultz,TE,Haxen2000,HOU,28,2018,0,0,1,121.6,133.0,140.5,135.3,C,23.525,False,,,
11643,Jaylen Wright,RB,Bakari2,MIA,22,2024,0,1,1,31.1,29.9,28.9,29.1,Bench,41.564,False,4.0,120.0,
6181,Trevon Wesco,TE,FA,FA,29,2019,0,0,0,10.2,11.9,12.0,26.4,Bench,22.675,True,,,
12658,Jackson Hawes,TE,FA,BUF,24,0,1,0,0,96.6,97.7,98.2,97.2,Flex,17.131,False,5.0,173.0,94.3
11467,John Samuel Shenker,TE,FA,FA,26,2023,0,0,0,9.1,9.3,9.5,26.3,Bench,20.453,True,,,
12788,Will Sheppard,WR,FA,TB,23,0,1,0,0,0.0,0.0,0.0,0.0,Bench,44.413,False,,,
4029,Dalvin Cook,RB,FA,FA,29,2017,0,0,0,10.1,55.0,83.8,28.9,Bench,45.609,False,,,
5374,Justin Watson,WR,FA,HOU,29,2018,0,0,0,54.1,59.4,49.9,30.6,Bench,52.594,False,,,
11619,Ja'Lynn Polk,WR,NevadaLou,NE,23,2024,0,1,1,32.2,32.4,32.6,32.7,Bench,44.413,False,2.0,37.0,
9756,Jordan Addison,WR,MLeitheiser,MIN,23,2023,0,0,1,218.4,221.2,221.3,232.1,B,44.413,False,1.0,23.0,
4033,David Njoku,TE,sportzballz,CLE,28,2017,0,0,1,154.3,165.7,154.1,169.9,B,23.525,False,,,
12799,Bryson Green,WR,FA,ARI,22,0,1,0,0,0.0,0.0,0.0,0.0,Bench,50.085,False,,,
5849,Kyler Murray,QB,Bakari2,ARI,27,2019,0,0,1,372.3,305.0,325.2,332.3,C,36.679,False,,,
5409,Tanner Hudson,TE,FA,CIN,30,2018,0,0,0,36.2,45.2,38.6,26.2,Bench,24.587,True,,,
12889,Beaux Collins,WR,FA,NYG,22,0,1,0,0,0.0,0.0,0.0,0.0,Bench,50.085,False,,,
12256,Baylor Cupp,TE,FA,FA,25,0,1,0,0,7.8,8.0,8.2,26.3,Bench,18.026,True,,,
6960,Tyler Johnson,WR,FA,NYJ,26,2020,0,0,0,55.3,33.5,38.8,33.9,Bench,50.256,True,,,
11575,Ray Davis,RB,NevadaLou,BUF,25,2024,0,1,1,127.1,130.7,133.1,139.9,Flex,38.678,True,4.0,128.0,
7002,Juwan Johnson,TE,FA,NO,28,2020,0,0,0,124.8,120.9,109.0,135.3,C,23.525,False,,,
12485,Tez Johnson,WR,FA,TB,23,0,1,0,0,111.4,111.7,111.7,111.4,Flex,44.413,False,7.0,235.0,111.2
8885,Tucker Fisk,TE,FA,LAC,26,2022,0,0,0,15.8,13.4,13.7,26.3,Bench,20.453,True,,,
11640,Jermaine Burton,WR,Haxen2000,CIN,23,2024,0,1,1,19.6,19.8,20.0,32.7,Bench,44.413,False,3.0,80.0,
12738,Phil Mafah,RB,FA,DAL,22,0,1,0,0,102.9,103.6,104.1,102.9,Flex,41.564,False,7.0,239.0,102.7
8155,Breece Hall,RB,samreilly,NYJ,24,2022,0,0,1,218.8,210.6,210.4,162.6,C,37.144,False,2.0,36.0,
12760,Rashod Owens,WR,FA,CIN,23,0,1,0,0,0.0,0.0,0.0,0.0,Bench,44.413,False,,,
12972,Roc Taylor,WR,FA,PIT,22,0,1,0,0,0.0,0.0,0.0,0.0,Bench,50.085,False,,,
7716,John Bates,TE,FA,WAS,27,2021,0,0,0,18.4,26.7,29.9,26.2,Bench,21.036,True,,,
2325,Nelson Agholor,WR,FA,FA,32,2015,0,0,0,44.2,59.2,68.8,29.6,Bench,73.352,False,,,
12762,Payton Thorne,QB,FA,CIN,23,0,1,0,0,0.0,0.0,0.0,0.0,Bench,51.128,False,,,
13125,Micah Bernard,RB,FA,TEN,23,0,1,0,0,0.0,0.0,0.0,0.0,Bench,40.482,True,,,
6427,Ashton Dulin,WR,FA,IND,28,2019,0,0,0,24.6,35.6,32.0,32.9,Bench,60.344,True,,,
6806,J.K. Dobbins,RB,jrroblestn,FA,26,2020,0,0,1,149.7,89.5,97.3,29.6,Bench,33.964,True,,,
6813,Jonathan Taylor,RB,MLeitheiser,IND,26,2020,0,0,1,221.2,185.0,203.7,161.5,C,33.964,False,,,
11564,Drake Maye,QB,samreilly,NE,22,2024,0,1,1,238.1,237.4,236.9,227.8,Flex,37.123,False,1.0,3.0,
8840,Cole Fotheringham,TE,FA,DEN,27,2022,0,0,0,9.0,9.3,9.5,26.2,Bench,21.036,True,,,
11820,Devin Culp,TE,FA,TB,25,2024,0,1,0,17.9,18.5,18.8,26.3,Bench,18.026,True,7.0,246.0,
7588,Javonte Williams,RB,ShrynoRyno,DAL,25,2021,0,0,1,149.0,139.3,148.7,109.4,Flex,38.678,True,,,
5000,Chase Edmonds,RB,FA,FA,29,2018,0,0,0,35.1,59.3,68.2,28.9,Bench,45.609,False,,,
11599,Cade Stover,TE,FA,HOU,25,2024,0,1,0,33.0,34.0,34.6,26.3,Bench,18.026,True,4.0,123.0,
8188,Tyquan Thornton,WR,FA,KC,24,2022,0,0,0,16.4,31.4,32.1,34.3,Bench,42.834,True,2.0,50.0,
6865,Colby Parkinson,TE,FA,LAR,26,2020,0,0,0,55.9,57.2,48.8,26.3,Bench,20.453,True,,,
12515,Donovan Edwards,RB,FA,NYJ,22,0,1,0,0,0.0,0.0,0.0,0.0,Bench,41.564,False,,,
10216,Kenny McIntosh,RB,FA,SEA,25,2023,0,0,0,26.0,18.8,18.6,28.8,Bench,38.678,True,7.0,237.0,
12859,Nate Noel,RB,FA,MIA,23,0,1,0,0,0.0,0.0,0.0,0.0,Bench,40.482,True,,,
12505,Jalen Royals,WR,FA,KC,22,0,1,0,0,110.9,111.3,111.6,111.1,Flex,50.085,False,4.0,133.0,109.1
12501,Matthew Golden,WR,FA,GB,21,0,1,0,0,110.2,110.8,111.2,111.3,Flex,73.692,False,1.0,23.0,106.8
3242,Kenyan Drake,RB,FA,FA,31,2016,0,0,0,9.7,49.2,70.9,30.4,Bench,47.257,False,,,
2251,Logan Thomas,TE,FA,FA,33,2014,0,0,0,96.3,73.4,77.1,24.9,Bench,20.187,False,,,
4234,Noah Brown,WR,FA,WAS,29,2017,0,0,0,70.5,78.4,68.6,30.6,Bench,52.594,False,,,
